solvent_input,solvent_electricity,process_efficiency,total_cost_USD,total_eol_cost_USD,cycles
391.8340749971919,1.5650892416126632,0.8049360562267988,4184.145493443454,3566.2320182416065,4
867.9957467056668,2.3881409406907212,0.8520491474847184,7513.145316225349,6866.139563352756,3
995.8885584846798,1.082539087564251,0.806620422226681,8297.606874110092,7512.234670602838,2
1030.8709730392668,2.2301375128958583,0.9267820917791451,7842.368693388524,7125.135850778723,2
419.41171140877367,2.0514469459638724,0.8544307605409266,4224.313363274239,3579.0983528860706,3
333.7950433651661,1.0229590555375037,0.8356359034228196,3574.4146101854803,3032.7224614213987,5
69.80780483561642,0.9730652822740536,0.8569673344517007,1628.1704210858916,872.1244581949835,2
1094.5133108404962,2.1649286301733097,0.8045411447035435,8556.545629592962,7588.38957433631,1
706.9315325146747,1.2454815735798335,0.911088286236736,6285.364203097686,5937.909649391918,9
192.94686847811664,1.1982226392705324,0.9000135748589951,2443.2220802122806,1506.939052091221,1
340.5714679478358,1.983141285849107,0.8844849627507491,3636.8784844064526,3236.9268894461757,8
928.1119034855197,2.1604221555133276,0.895615695720492,8110.649589523016,7700.128550388048,7
70.75729620106242,1.9488876531625208,0.8884840638930978,1554.4594177087592,1105.5127979616516,6
796.2575126949787,2.4781622657615663,0.8276319164538859,6926.22155252064,6153.22478014024,2
304.9494163450958,2.279843303085675,0.883961711169821,3397.1229744377315,2973.2104247904663,7
908.4011496189237,1.443188730606634,0.878036674336155,7896.3631081525855,7436.18216935367,6
887.2386876226755,2.2105085351744718,0.9054744741152216,7471.691101099816,6943.430662233908,4
796.7035640388015,1.2026081033385867,0.8001972029423334,7391.631394463724,6812.811247327545,5
777.4261548531583,2.1399901685156517,0.9366377530511167,6372.647741784408,5786.916617709108,3
781.8525376430597,1.4979063235333174,0.9343515062121281,6702.491681399306,6334.792515389484,7
925.8941499440439,1.5409405951996809,0.8021538232224898,7891.696751813002,7103.668575931365,2
374.4293028714511,2.5295481444308003,0.8975252074672575,3760.1445842836583,3026.907412225175,2
565.5534964165274,2.4246120204363,0.809445631631514,5786.489041899447,5289.649520996728,8
384.3917295855992,1.1300321478035962,0.9491536356114976,3609.579280234049,3177.7041172060353,5
1029.9564906585426,2.626184466502203,0.8773841957678015,8993.038835704077,8532.151299617022,6
879.9214917127879,1.9430614871909904,0.9341570020476099,6374.580122472437,5449.192186664529,1
1042.1012412028751,1.7828664089996682,0.8444225853751555,9092.847541355059,8560.173567328035,5
447.3185517924312,1.2745661603186353,0.8241712106757392,4606.044464403677,4143.08497000063,9
603.2202502677833,2.5796555021361973,0.8280647155827433,5998.421206305341,5507.457283537671,7
1051.0966529005111,1.0300442902613978,0.8491779932541911,9260.399790368354,8815.858860844022,8
802.1045786913774,1.8624864722477878,0.8576155300600649,7257.635267377431,6775.072203122534,6
773.6883372958472,1.8743732147274037,0.8916094897767675,6783.913967519093,6298.255075539637,5
723.435701791338,1.9345352355421708,0.8345661292476823,6633.808594721942,6043.21378160529,4
89.94581442673385,1.3999418691887227,0.8845453511332048,1776.8453807171247,1036.3875695936222,2
75.76196998293962,1.9503375686504236,0.8690811975761445,1628.8611121532808,1158.931986091992,6
910.830189635653,1.246720447160952,0.9471364786474931,7399.424073315201,6965.73396024738,5
259.3940182977847,2.172992496561778,0.9291592192288526,2902.8846405949907,2452.78924135598,5
426.01994627568075,1.968796177362928,0.9252862215536418,4156.074777598997,3804.83337242989,8
367.4563929045567,2.417309908802803,0.8421603713216966,3878.4201242390627,3113.86594129786,2
245.41063708090778,2.1449308709317805,0.8439369045722033,3034.8208141730606,2583.496288200827,8
1094.2214263962915,2.0579251600012407,0.8827029497361581,9522.061734069477,9119.909883915207,8
459.2327179462191,2.3519127654584366,0.8799043310182534,4644.275800521335,4256.950913991343,9
934.1854867419001,2.1326848511932313,0.9293876377785705,7784.796094176964,7334.911712885928,5
1077.3256787116982,2.2570776266624755,0.821652055338675,9602.016133784238,9045.813840776493,5
885.8811019340071,2.1315003298713364,0.814578809347505,8023.362661317086,7414.416474164023,4
799.9441140828915,1.722295266434828,0.9018354474065363,6433.046172243789,5702.190383378332,2
253.26840838628613,1.184551548573197,0.9005498882863497,2794.972340082726,1858.8624312594288,1
750.8812681316537,1.0595276646860048,0.8038720234187967,7149.443181702151,6657.92341618901,9
1102.360409283687,1.1482948721708879,0.8078658649533101,9052.77190622918,8268.138703941533,2
882.4633337628776,1.0357226919582743,0.9097048182331476,6846.387854312686,6119.858815477308,2
193.126710478274,1.1142652109228879,0.8319792967925056,2523.631652410465,1861.3886625122811,3
403.44269382127504,2.4642536938462793,0.9302520327357418,3950.1187305346994,3442.550563942854,4
658.8029515657464,1.2717364495573595,0.8683211604512128,5884.684959750948,5324.321844104355,4
218.2917098266116,1.395776488760557,0.923201559597827,2502.361503784161,2169.8135536664618,9
868.2149718848998,1.8058684685837683,0.8537795883029365,7784.233340967401,7297.406242674668,6
144.83212706788478,2.3526103056952032,0.8338433028925604,2305.2900192420175,1761.7484973557498,5
657.803202560477,2.7185238439787183,0.9350550287189151,5975.414081649059,5635.32600406392,8
987.2509055062715,1.0643600519351173,0.8634874791104257,8311.267037619113,7746.635462602067,4
344.319381637719,2.373114096196861,0.913725074594363,3635.2813436291276,3291.100829339163,9
1107.9124250486495,1.130084560703775,0.8521265986697055,9755.520815317444,9331.098681629484,9
1060.166169279155,2.656004920416772,0.9397840146626653,9031.759287134759,8719.04154774373,9
1029.231368824993,2.1456606054585396,0.9274206118811217,8801.087809093748,8473.649725788531,9
354.43187248228645,0.9587142859979232,0.9264936165703523,3421.8399139439025,2911.1708016943157,4
701.9308542274778,1.1958429155537051,0.8391601249795746,6043.405171723666,5277.115188004696,2
1086.3432379419771,1.759093806468556,0.9305375443279224,9164.506875089442,8840.815881261857,9
825.0001338548692,1.9687172676498448,0.8741903505606085,6377.793473592439,5433.098390703599,1
1106.9593458741047,2.699018638271762,0.8425216356652698,9578.267859663994,8994.886005629958,4
774.8886850025169,2.1497946656438924,0.9461280800480644,6549.102261871631,6114.502868244188,5
459.87123197835723,1.5224747321169003,0.9077238974422484,4374.555238805318,3945.8927371408236,6
193.360878165952,2.719290387872711,0.9151108108216109,2535.6595320550628,2015.5161163375542,4
179.68811529814204,1.8580152979406626,0.8714962253914821,2435.152288689262,1802.659500279545,3
492.3106015250961,1.0703122693017886,0.9186644068270091,4284.56899038473,3562.93309663898,2
551.7412809621505,1.3012738743323247,0.9232735601390728,5026.194833098596,4672.629928296971,8
478.5109837914269,2.2155296840521146,0.9100277508133786,4566.68356873171,4098.683391346433,5
640.9601554801071,1.3655644199877943,0.8791835556287914,5839.054388347835,5380.11405507042,6
64.4058946994516,1.8895144880571624,0.9158452390371545,1554.1103246942369,953.7673150052998,3
306.1059109435657,2.145723325047862,0.9191477418779129,3208.8835915504583,2487.5106656923285,2
735.9086665069603,1.243833667958354,0.8313501356756066,6880.398965734795,6412.630993104489,8
266.0609390188646,1.4033188193066664,0.8984151075349597,2932.4846171180097,2494.0749493394346,6
164.84005592774716,1.063641956849062,0.9183972484406361,2172.413308506224,1450.63201819403,2
813.0502456322089,0.9563396450438185,0.8829012867728765,6529.629601911241,5788.251911753992,2
399.24384301539857,2.5197591717230234,0.8441337246953731,4103.02712016318,3339.612452118688,2
211.63810484123027,2.2138490480897084,0.9015540353224055,2637.4777587667104,2026.9200516792487,3
877.0715187751786,1.921148948067532,0.9169711509300019,7619.659621296702,7258.7635134268485,8
1021.7846277638831,2.786628669409783,0.8303763016392554,9279.241834478124,8766.017490284334,6
842.4248723650313,2.4069715330223507,0.8910433837881778,7370.071463315352,6883.863422202279,5
595.4771041347857,2.769618885324053,0.8132144277323676,6036.914578869997,5527.464951142369,7
1096.763030075139,1.6010169302290895,0.8611580734382513,9475.016074789175,8996.374500462049,6
93.90429084282678,1.1162611986576594,0.8436929901056995,1670.4665557797496,1234.5314813829914,9
644.1694202683512,2.3781915675093996,0.9307951623658111,5527.219846025977,4937.412869503271,3
381.4224163682075,1.9256307860153719,0.8442955028203406,4085.9447914858147,3635.0856333527495,8
505.04259108280837,2.6845743838504768,0.8677544218992241,4752.955220802725,4003.046535395113,2
500.54267615199393,1.958324343020872,0.8501665644089454,4514.2937514079085,3561.6359224349435,1
208.34722101499253,1.1853598690447944,0.9252540493903649,2395.099943885321,2043.8214658773209,8
245.50000555635074,1.9335532246468954,0.8429608625579962,3007.6533136163425,2555.061236995424,8
756.8311867408448,1.4162774208123086,0.8407230994996329,6441.174483626457,5675.789260775063,2
651.0026200446554,2.7564419309655146,0.8024174333191308,5775.505093835051,4806.615356289675,1
451.76199800430663,1.1674850624907405,0.9412245814025355,4185.513312689978,3852.3611416677145,8
319.12960614182236,1.3661193708772537,0.9141764122973106,3168.2702477522766,2236.537535894699,1
852.4647753191523,2.2088225396582,0.8117775718052256,7388.919569287279,6606.60296422549,2
93.5252512957659,1.4600717103524745,0.9097075743847943,1620.0019054844652,1193.3999722420083,6
114.08790476711279,1.1620886728917512,0.8424732907976162,1867.4047146276355,1367.9049748128687,6
409.9213604440955,1.6301820111139729,0.9373666235244813,3895.0513556614856,3452.49676107213,5
473.7734307870539,1.1114607646525467,0.8775286296425675,4463.568324326731,3911.278363601016,4
522.8432076106666,2.780369073545903,0.8135300276845266,5122.1285597819615,4340.8475972979395,2
213.93021246601583,1.89775648069677,0.9026494134603729,2591.3001640671223,2233.2613549975395,9
375.4478316979867,2.4588394239980014,0.8974694552558171,3657.4327059943566,2720.3275756759313,1
509.1830221894893,2.6214820187364367,0.9308457604786552,4713.800245651664,4206.720697579142,4
374.3754209682849,1.7095372920062086,0.8749705509031868,3901.660275644945,3507.8465288996294,9
1078.7417704103575,1.7335236881444434,0.8707772759687751,7903.132506648559,6957.314273311431,1
935.9223080206647,2.7487938970492576,0.8865240840504215,8364.331620354282,7966.890700867614,8
463.76041392721163,1.4928042591042003,0.8497022635573594,4396.4436987105955,3636.2352881325364,2
196.8248469895111,1.323206764273006,0.9058915562721676,2399.2420298157326,1871.3347289580497,4
135.3281578978074,1.836022471632041,0.850379221807472,2192.3188104162896,1432.4992432257645,2
703.1104272606924,2.227700729027477,0.853224924173144,6504.481450198811,5980.762022986925,5
762.781752831915,1.4715814918257886,0.9007108271441401,6670.934944655317,6234.940890203329,6
1070.1234911243384,1.3181069912810066,0.8874809080500785,9250.293907686699,8872.84206522269,9
657.0051601712435,2.7517032575598983,0.8024860724015713,6305.876465398618,5620.775107111186,3
686.7101181339466,1.0084312121628278,0.8086596215959901,6589.578395122724,6104.830418659644,9
405.08228394378193,1.0606263339506505,0.9243646223904491,3761.717529782978,3167.397393620088,3
637.1670967785459,1.0876945675287297,0.8080786627910368,6151.708232598021,5635.810950454767,7
169.05650115335916,1.993284212736189,0.8232361906745129,2457.142237857367,1978.6684315134175,8
527.1043478831899,1.876277255156254,0.8952957289538247,4975.925580037839,4534.221404852968,6
789.1898042440885,1.6640564800001356,0.9272529457725278,6815.765106098047,6440.422077111037,7
1089.2874046813238,2.5560810580069586,0.8910949296940505,8499.910048334537,7763.105006671206,2
390.480418463894,2.309528312382631,0.8759841020503909,4071.1365082523644,3608.730805093324,6
628.1682877420102,1.3770253869952025,0.8026369164921162,6114.449538851821,5569.162486004844,6
175.72457395757817,1.0099737651078395,0.8493684541876566,2301.01925435006,1856.724103800498,8
1002.1031889735502,1.8316420964473958,0.9381013911060614,8183.72641234895,7741.842739955358,5
872.5797081463274,1.5604510023604028,0.8080292974450737,7885.028087491137,7269.999050502873,4
774.41026445432,2.3935714087161295,0.8082197155837159,6495.197335316621,5528.309496593229,1
1013.5562046571583,2.352849515774697,0.9057699908666748,8538.835506788646,8066.789358187304,5
938.3212089981021,1.0697069691065448,0.8343463747199753,8462.181162188648,7998.346194491431,8
1004.3540373717685,1.0982677287983764,0.9101512216643917,8275.338220816539,7807.455043836838,5
623.7341487655453,2.1314434138965037,0.8664469332357627,5750.529496388644,5188.513771799083,4
415.8782642625807,1.1232307839041822,0.8925701871918011,3989.544955290072,3450.278235357731,4
120.8988740628012,2.0964103097282876,0.8113383018723972,2124.1130487627065,1588.9668483651635,6
186.5109023312413,2.444052542347613,0.9245466913248,2430.142621330725,1917.8618165346913,4
471.74337723295946,1.8144658677539514,0.8417758565102427,4620.4477587298115,3965.6750343041176,3
142.72409099114878,0.936985472425012,0.8419660343102178,2087.487348280535,1503.6034783851633,4
861.6515347707236,2.6084184822557375,0.8874311077179629,7646.708941452419,7196.636920462998,6
496.8171197514583,2.0067766549413006,0.827554617127154,4585.782755982211,3625.5065247064786,1
223.80929781325509,1.9584713249178622,0.9099721316354987,2658.44415662472,2289.3097907459414,8
972.1702312285046,2.1475186886136552,0.8118467564883849,8708.71172776149,8097.232231295058,4
526.0988987656933,2.1860577895722892,0.80586878410029,5360.238192213112,4787.437149371491,5
604.5603882084495,2.0725040910901478,0.8502477997089585,5880.018936589464,5453.041232504134,9
354.88386747168704,1.4925496153177409,0.836294007551438,3829.600846815943,3348.771821929809,7
372.23238539911296,2.7223865389318505,0.8465836481526627,4042.260098546995,3462.540543306357,4
1026.389050600377,0.9514794997215231,0.8684867852512912,8351.749901589372,7717.027594325751,3
594.0663516143635,1.1780564825677997,0.8432400262433356,5277.810680966382,4513.8801595703,2
892.8085638345802,1.5606811903455544,0.8525274898037186,8097.400710776095,7673.523171326799,9
88.3227613955926,1.4149596958683035,0.9060678119084411,1541.516792875072,1187.7846378858335,9
306.24438318688124,0.987783834039349,0.8935108301793088,3101.448262578616,2163.061074550397,1
204.50631556807312,1.1834024233131097,0.854320639297183,2544.100138549239,2085.1728899829827,7
848.1212079203447,1.1302938764020805,0.9268232640689442,7124.276412492284,6715.20665779948,6
520.30957762516,1.9475069111776793,0.8800915789849497,4905.521973815302,4355.4656412131,4
385.6652109616115,2.169313869004986,0.898079700035063,3977.8131386489854,3613.977215616618,9
723.1949546803149,0.9515538742343957,0.8274642712154362,6781.568476776757,6323.201133691577,9
423.88376627403926,1.9070490330949998,0.8399857720375604,4210.797990882824,3444.986085300285,2
534.4337181436169,1.1846340875110337,0.9354463343682944,4850.553108793428,4532.714432068617,9
996.5236249802114,1.9255068551761954,0.9277395137518754,8518.246689388707,8191.193078163632,9
910.7251980481336,1.8015830592282984,0.864472620233274,7958.873551857405,7446.476535681355,5
74.76630655257937,1.880881155928639,0.9035265480974292,1570.267310245556,1096.0804844288539,5
471.3335030870325,2.207263599713545,0.8273397604821224,4627.019600048293,3853.852094164313,2
705.3490036569888,1.3381845684977758,0.8505376158327765,6577.629857037152,6151.04671768671,9
1036.8199320948263,1.5128905651542637,0.8907731084775108,7493.13629270423,6553.860400210821,1
285.26454977301114,1.9505234362325157,0.9245850139465074,3065.6128262812795,2553.3637806525935,4
1038.3710423902244,2.357969723470774,0.9363807605292281,7306.403794360232,6381.716666601027,1
143.98224948166026,1.5746736614275527,0.839987375822097,2291.413571456939,1335.3411907918046,1
103.94456686662011,2.3314264332327554,0.9383026272673828,1780.8443954198688,1339.144353391319,5
1086.2888124916287,1.3225533955638231,0.833999084268638,9445.380450308541,8901.999770204182,5
716.3518626925475,2.6774116650956437,0.9473922225644411,6192.67987614566,5759.220160951747,5
1058.4330975224555,1.849634215640901,0.8599927891601798,7868.862273486631,6919.477540157121,1
380.3878145409996,1.1133357433437234,0.91573208246765,3658.29979344374,3138.6766766484493,4
406.9386361234767,2.052326701406047,0.8963518703224438,3989.288548753354,3374.978086607133,3
517.5367946945158,1.7350989000012773,0.9188708973856257,4341.361351696188,3411.1271663154157,1
837.8824804536016,1.9856361856566507,0.9458497136436961,6478.167300129388,5771.163877227878,2
272.2658860571193,1.755445202890852,0.8825815137080628,3049.6930365874227,2425.360577859692,3
671.4226961366177,2.51494983441385,0.8398772621036635,6472.393292194064,5995.951368966371,7
601.2634604149891,1.4902346836404343,0.8087582121573432,5960.695699764653,5476.086960320699,9
256.82456968743355,2.654019507056547,0.8857939762384608,3032.476648464566,2292.7166663209337,2
424.17782156130744,2.430973591869088,0.8210076070615255,4491.735720968776,3888.7273473773703,4
546.6674874931633,2.497348353088394,0.9206441245536892,5061.190963606337,4603.182494353188,5
688.2247977024898,1.2306453833871407,0.8763912084868816,5765.077498935396,5020.04561866067,2
335.7925922458356,2.0448808879397906,0.8650128424803838,3543.58315427114,2792.1195324252553,2
693.9125823525438,1.3309307186435884,0.8417300348401155,6289.110727403088,5705.013540334044,4
841.6162220421927,1.0241757320257379,0.889927353615882,6688.124755968974,5950.669928100242,2
506.47825605480483,1.1344232562754906,0.8960174545049129,4634.103752958915,4097.792444805498,4
692.6950573302995,2.4878335479351934,0.8679255219366755,6557.721313029437,6154.564003104185,9
136.65093272518072,2.4490579629385216,0.8701473715014674,2240.13956539244,1491.5853701895849,2
576.096468007514,1.327839923894812,0.8517754093673393,5356.307061134099,4781.247879406803,4
881.6784352628514,1.398413375395647,0.9296846275575982,7023.862748554477,6433.2783935777,3
152.57971791134625,2.5725284017298304,0.8550309388106413,2326.1078228208667,1905.625435137698,9
996.7110054473907,1.0339735306713582,0.9312660096819263,8183.29100993039,7778.69844356399,6
163.0650729071635,1.1759993100580615,0.8843408373776207,2290.27000928157,1348.899469338797,1
69.76491883036556,1.6185122881511158,0.8824169808692344,1495.5315460043275,1069.8273960973659,7
674.643077823722,1.84295416024743,0.9042071321101548,6151.685100981218,5795.611984534856,9
153.28545247909307,2.4973624492121607,0.8458626206806079,2443.182540540031,1489.0839583632874,1
1060.9069574671087,2.791504384656231,0.8324279432769675,8773.975809680436,8003.776386608944,2
366.54366484384167,2.1286539677926557,0.8270192858486524,3780.519234029294,2820.06116250041,1
335.15382724628085,1.7777896329739555,0.9243772510009554,3425.7238032670034,3014.17597439361,6
124.02917838486337,1.3504940213755257,0.837858837257924,1972.617433599992,1493.7062601331716,7
719.7026712156668,1.6468929687892284,0.8391950116865213,6795.2487517351865,6353.131319235993,9
813.0737648885448,1.5649181235185357,0.8417763067487166,6841.135777426087,6076.359615457903,2
841.8433598670834,1.6595023590831361,0.846693799816058,7703.038861821492,7255.2874574355565,8
176.4293074291744,2.2803036583067655,0.8756268888994412,2437.9247648832015,1936.6192101278884,5
192.09936850222104,2.5020016341225757,0.8456711827648515,2659.5759331764702,2163.6760967813693,6
362.63711702723106,1.4792996936164702,0.877393883798241,3750.593362086957,3319.037228982689,7
872.8106233971685,2.4939012848623063,0.8454306562443991,6897.399384579993,5943.155960828835,1
252.77497405340725,2.7084544625767326,0.8190348845078269,3254.252464148106,2784.1058811611056,9
364.71215854128695,1.5723130331017634,0.9208158091844447,3612.1041254814045,3154.256095984247,5
522.3689182400003,2.782185757896026,0.9308898075341749,4750.306934071587,4160.566170280874,3
96.12319615344418,1.1564430586624093,0.9269583580648388,1567.0124519259168,1158.0792917278563,6
611.876568602898,1.425191696614616,0.9153376302441287,5416.720012463722,4953.734615704669,5
942.9600189217222,1.094303872503958,0.9302179848884117,7706.469389636742,7257.351547319841,5
480.76038847360167,2.5637414090354813,0.8369328243442182,4805.635925252875,4147.177930499988,3
68.95612251586726,2.352343424620589,0.8788239945772547,1614.5026864402946,1155.173601069115,6
1108.7297380916773,1.666554577812759,0.9038406261520143,9001.649055364556,8472.003684178004,4
633.8788942060808,1.1932574206444384,0.9098867259095063,5693.809018667152,5324.573506865324,8
82.49617607888483,1.2381960368631375,0.880110241400131,1651.1572170395443,1025.0126755364972,3
140.32194811942395,2.7609493181542284,0.8770027151516652,2219.839278689267,1758.5383534578425,6
675.6417650981525,2.2543964078856247,0.8973526138958499,6079.008828541406,5598.899685313862,5
677.9778087989533,2.113936435622949,0.8255799889843686,6363.042258065796,5764.2368989271945,4
595.0194149756506,2.109938044954775,0.9096814679417801,5457.934416170028,5031.305402616942,6
1076.7242737651864,1.6733862851755628,0.899249153787157,8803.849985522982,8270.299255657967,4
183.32353163240643,1.3388997602868138,0.8430333460554574,2456.5875627660457,1802.769233121186,3
713.0567571232682,1.6842801802402165,0.820105558771128,6684.653601415938,6126.835063928861,5
383.2187666494216,2.314643957072259,0.9418473626984054,3835.0224057420796,3524.7237572812755,9
491.4910864190557,1.9801093346939391,0.900893730259709,4746.986636066373,4367.019038398623,8
1012.134800546656,1.2940731639757894,0.8316703211457618,8979.810348381141,8468.062016789112,6
768.2190241169978,2.5612511181366227,0.9093409281853521,6816.092675564601,6389.1103257078175,6
535.4764834920627,2.1290750578131643,0.8618380326690835,5286.806126610615,4875.504491947356,9
328.4991507691277,1.4964997858112512,0.802774258005737,3663.2713680313514,2978.3959985681613,3
456.5538118074306,2.396043421831705,0.8638035179711462,4604.314069409731,4091.247340617847,5
407.41654914152576,1.980808807466218,0.8181061194677894,4368.912864159503,3841.602773861483,6
269.99482549985254,1.0648828383708087,0.8043825939671106,3171.816777614667,2553.3864235890464,4
463.7458690608778,2.022743412439735,0.9478181504154618,4115.405312898115,3409.448927784348,2
804.6410982820887,1.2964169289252088,0.8187516970572652,7113.526679839184,6441.099605143291,3
792.8951025196139,1.885123021977662,0.8226282651022173,7081.964689126137,6412.533750916782,3
961.8316257663156,2.5749925644388796,0.8820826374882522,8204.09604264936,7655.770819383479,4
222.8161776107653,1.039524602038042,0.9175405351053448,2510.4322433833972,2091.9092325918346,6
502.06110884407235,1.038793536249081,0.8058883740709061,4891.292924796438,4208.856299644301,3
360.0906761868748,1.2479188100994423,0.8126586205812645,3831.9428272578916,3154.7873590216477,3
964.9873367959569,2.1399436720252796,0.9409539212026854,8180.296666569429,7846.841995856854,8
735.028774578221,1.7077814371035052,0.9247447247611407,5567.335839553249,4638.9698633797525,1
620.0650222957436,2.4904253621154386,0.809393011603135,5793.313112195516,5009.585126029961,2
334.59544727826216,0.9952400212771189,0.8532613941902161,3554.2071665912326,3131.325958962565,9
460.37820851289734,1.4830170364626285,0.9117044613047935,4234.983513881731,3631.695197132135,3
916.4032570396373,2.449978315572861,0.8913351526477886,7345.011621737038,6608.340195928518,2
718.2600771356631,2.7944364232267476,0.8682393605392027,6772.330949655313,6352.11570266919,8
678.5054393706979,2.083902507483565,0.8467545738758561,6387.976833972313,5893.293831494284,6
1097.5730833199473,2.238112132128474,0.9030816920055965,8431.997967802597,7701.829201636207,2
1041.8679937727313,2.623140803731266,0.9288795343188974,8632.792121494294,8182.438253940214,5
803.9485494102868,1.3152674509424966,0.831483396197887,7274.31621519551,6728.335191905822,5
115.25500751200723,1.9310445849450668,0.8051331910719576,2208.762688783641,1240.8109708035204,1
763.8439941068455,1.484939727779723,0.9243789474126533,6693.283839819236,6362.166216324242,9
608.0392143413203,2.013467182841027,0.9077603647467216,5431.929053956856,4905.602038161544,4
721.3417894592088,2.196392087871147,0.8449514571980373,6684.114780614446,6151.98109965953,5
1021.9353313378277,1.5823493708350889,0.8856546323721075,8811.256551675178,8389.3030844387,7
940.3736477495647,1.5565399376774853,0.9465751444162696,7071.4470607877765,6364.829699567587,2
373.5841665666576,1.6542129228864668,0.8209783060720094,3789.8868026001333,2827.3719595696994,1
872.6097134983632,2.6190628935107005,0.8860700815710805,7534.645013073515,6989.775780949079,4
222.06402190104868,2.4699981378064426,0.8183288623521014,2966.0347661551955,2438.9817895245105,6
527.8425859874687,2.5382588009244795,0.9271848131472363,4848.895886293059,4338.798079316484,4
318.2033220659784,2.220639490244076,0.9037684736130012,3421.178400233319,2988.389741909839,6
344.2772817566654,1.408466135464468,0.8643496598805853,3524.5619067752073,2772.7216499090637,2
334.8670925213559,2.392351955011145,0.8533537286092321,3731.7272725145835,3244.42566211823,6
565.1245278150286,2.258432565280996,0.9270812515241782,4640.731647867372,3713.106734808572,1
536.880682487458,1.4917813873890133,0.808541260405135,4861.188716666103,3894.4115751867976,1
149.61487897560497,1.5076646840791577,0.9332476900827932,1985.6090882730325,1616.7275191352524,7
557.4927696924633,1.7386484351259837,0.8366123179395124,5341.973835329014,4753.239283461798,4
624.3032488397898,1.4628285151905276,0.8950553163014883,5434.253800200503,4819.005170955693,3
254.1031189260516,1.5680640002118769,0.9177646009035018,2814.799723036717,2429.09380468434,7
294.3682532981916,1.1346673210742977,0.9225440662612863,3006.21270670316,2286.68473880532,2
917.2501241459337,1.8276573020580473,0.9183299348936849,7384.340370386551,6785.759079931629,3
819.3073387157037,1.2074965180658297,0.8098061896478634,7037.803878783834,6254.320626250993,2
149.8101806866453,1.1688462490058193,0.932325406222556,2020.3239818064042,1431.58679140589,3
1106.4108540002476,1.4400256138639105,0.8315298897294259,8926.068614740192,8155.34616528714,2
785.7621663130012,2.7790317235688127,0.8092881668031482,7006.33975492867,6222.5496550532325,2
228.40204170213164,1.3379075866253132,0.9168001580547681,2618.0158808112724,1895.3647494002698,2
74.1483137572445,1.8135048461103058,0.8796285963591253,1549.8258467606413,1143.8647743754311,8
311.0895341122197,0.9995421543860756,0.8640374543717844,3251.088209987473,2499.07057789235,2
239.03302414262996,1.1788456167760555,0.9481800237701847,2591.3155971821943,2013.5672817068537,3
262.6543659498356,2.728850269496283,0.9173388925781604,3045.3503710218874,2705.630873566705,9
249.54233763067563,2.611707233536335,0.9243927766065501,2886.801259070961,2168.2754339118496,2
330.98406135053136,1.3973206953687847,0.8246183769511428,3655.0680868716768,3135.253822449704,6
536.6235818465005,1.3638281602306446,0.9385931148730484,4836.976606414223,4473.799569673323,7
1020.3745184887414,2.598690560264912,0.8165618218303068,8589.822340821325,7810.329852292414,2
1071.0776846803374,2.571660279879372,0.9006196896294596,8315.529848294414,7584.003186304476,2
1027.8133737141486,1.074009681056351,0.8108532893535337,7949.526329175489,6983.544397017929,1
395.4107066162652,2.5467482469308105,0.919471233346876,3969.5825628443667,3510.477045119216,5
403.23742672166037,2.617931963432998,0.9259777814277057,4014.30412470932,3561.262830072576,5
622.4469069672791,2.5598544501444667,0.8049660912950759,6006.435127861074,5323.276865360855,3
760.9083404681821,1.0198812978437208,0.9374028655456301,6543.147992178304,6227.625049012165,9
1079.3402920819337,2.3890969062130765,0.9025917752070836,9252.443026765886,8849.829748564505,7
465.89751923798286,1.8506123526326435,0.871307608103704,4373.998757391282,3626.1003847232228,2
1040.712503454964,2.0805283104879537,0.9377665040059956,8347.42135956884,7846.012177767196,4
474.20350129665735,2.2703658568920884,0.859396473501208,4693.0251071099865,4124.764798496695,4
394.1779513677293,2.3379452702052546,0.8620841137958876,4183.1929232815755,3755.1843405520526,8
308.66643529833465,2.169067855113009,0.911028310257176,3278.5470504804425,2674.776679853083,3
510.361814465748,2.705366603935141,0.916886078073303,4950.048841613544,4609.772047903371,9
339.9094555087375,2.654432004551739,0.8173088539184579,3703.481390615696,2739.712903648187,1
296.3213646520039,1.3109824184231575,0.8156168021803348,3396.893788209632,2866.706810688767,6
1019.4308647049957,1.890465628749221,0.8762724359256476,8896.010081749835,8463.142049938404,7
713.0578481842753,2.789811211688638,0.8346803519667062,6544.903740287087,5884.726585553588,3
622.7641622072258,1.6048457036518837,0.9433842325587555,5330.87512120898,4834.0344726332,4
441.6508069704139,1.3883347650568016,0.9495342544121762,4111.582336048036,3787.636819425349,8
223.78616668129516,1.636154297524842,0.8388878617431932,2797.45951384691,1841.0168420346124,1
316.7833241143958,1.4821954885912865,0.9085572118778541,3308.472368975033,2937.6604131769573,8
77.01139324509863,1.264297434043264,0.9181234427023159,1409.8773706050767,1071.1223073350827,9
787.7042669214668,2.055179629365438,0.9441029814958919,5814.45278802286,4892.191063984404,1
136.2556539762336,1.9286691728873349,0.9410149583137893,1917.3813599360874,1583.9949208674711,8
284.7822541181341,1.786257493094921,0.8075354569818995,3411.1837056263257,2911.7848230491695,8
514.0456972263066,1.6105419555676987,0.9461619862493195,4714.268957930742,4408.993344496784,9
817.1407612590191,2.5810985004827143,0.8779020937540429,7501.880887637494,7111.9282307184285,9
834.9085802231133,1.70059891954878,0.8873133120296642,7379.5131511837235,6959.474656390659,7
1014.7875399073474,0.9944506635496767,0.9377312710176027,8469.06473531135,8153.929540175317,9
451.7823826971734,1.1493589401563429,0.9403079335646624,4038.488819504591,3455.3060208614684,3
201.8420671543831,1.859156872053055,0.8960534831717031,2573.5698386219005,1636.006527985977,1
261.0478792343161,1.1371366175214201,0.8925020759398465,2869.8639555754994,2330.5387316550473,4
635.6150262702757,0.9403377362655876,0.906210522354803,5687.872416356263,5314.26924370986,8
984.1030546568071,2.027521236712333,0.8674019643980787,8197.670992554706,7562.143529029907,3
980.0301791052702,0.9777191005102394,0.9354631585976079,8104.873910456669,7738.363216043413,7
1030.393936673889,2.432288740069098,0.9045915078089775,8789.775480435062,8357.847284325102,6
711.4228388878163,1.6883702136755963,0.8099552981851661,6647.184525824688,6033.947737424453,4
299.36818493567046,2.7137157110148773,0.8340169307962786,3572.9422332516583,3089.317025780279,7
73.7037974011068,2.446503524330673,0.8767466717021267,1653.3680767364378,1221.0550564743523,7
458.2714224511933,2.6270384172729195,0.8824416418696339,4608.592414484748,4153.166615234409,6
1087.7517330503063,1.0081613735740134,0.8395553597251818,8679.621562806076,7913.560471331225,2
264.645652542326,1.771315084820531,0.8489808513704508,3099.0335809548037,2521.46874208986,4
310.6532777680977,1.1067879199489954,0.8582296108135471,3227.8882427540602,2277.9178550747047,1
389.54495509572007,2.5054213496075426,0.8487631254225185,4018.4374199586196,3257.689234411118,2
627.3051925404623,2.0229248756980036,0.8964961704067467,5746.799618621323,5306.364940056411,6
705.0000046423203,2.5595862934506055,0.9107297321317464,6386.186431602201,5992.691984925058,7
626.1849613453359,2.501462868170357,0.8267487589973748,5461.836446859546,4501.286457116478,1
495.7978493504591,2.5671701101032327,0.9149685811838045,4757.995514501834,4336.829995041536,6
499.83706590382855,2.127554385096805,0.8765692086266789,4944.566446473833,4552.860267668493,9
725.8763761416402,1.3647898483977423,0.8757875711442259,6503.844329837732,6041.225310026814,6
909.0718240937864,2.7066075562953564,0.8613764731146114,7044.073501418201,6095.147864762768,1
957.8526890857712,1.9056616068177,0.8937075370011222,8143.5800359298,7659.953062836231,5
87.04303206163405,2.6357199097597603,0.8699514296142824,1848.3669520770793,1289.4387933616176,4
593.1256026825542,1.1439550707552215,0.8717852058044564,5277.661160822412,4645.382144103905,3
399.3734927391632,2.568935215585021,0.9055008061213157,3902.903793366672,3174.0666771944752,2
160.0708375559619,1.042829370124315,0.9020141373548469,2130.803642210825,1520.5769612594524,3
1105.1019623366803,2.0334013742415333,0.8885043135188979,9564.12759156053,9169.117581811033,8
945.5240250499784,2.184676485890879,0.8709435280804736,8327.489646055315,7859.59649679855,6
949.145730990537,2.521917839990386,0.878338797522508,7652.78027454358,6908.843560458447,2
146.8279361256893,2.5764842655356994,0.921548077792556,2144.875419051614,1730.4498112063995,6
108.3534853782152,2.2564017490824333,0.8555295672368908,1982.6849077792863,1410.981175487201,4
94.29044271478284,1.7746474937483814,0.8425642181513884,1836.848132304004,1253.5047430847028,4
841.4473777802376,1.9363483285110783,0.8055868258548562,8014.971822947805,7525.87984636175,9
991.1630673088731,2.191072728501067,0.8161604857920136,9211.415363844646,8737.23433688461,9
1044.531414843528,2.6685357830137937,0.834224922064194,9548.358810999014,9084.36463953775,8
456.93088275423474,2.532522867506241,0.892830567805826,4472.048376892409,3933.0052706963456,4
219.36338799773426,2.0828768593254483,0.8194166134395848,2885.439622448181,2359.6415102126552,6
204.71658367352418,2.500426546643781,0.8926393093170555,2631.0171820410606,2260.2213538520837,9
410.52641124544704,2.3362721394213875,0.8384719765820859,4366.666763605576,3862.645833731852,6
833.8325438389729,1.2967458096332396,0.9315062603462297,6446.5511521621665,5731.867476469709,2
982.952588134629,2.7324832725749455,0.8759154009366016,8557.879997886492,8056.8594835089,5
650.5062813559166,1.337484363864236,0.8259026648377609,6167.896051611169,5649.5547559395845,6
888.1338003526795,1.0692243132343127,0.8277057797993107,7805.087039581408,7208.22997279694,4
82.71664984413341,1.1004871281390618,0.818194607343856,1632.067103883997,1160.7420207603618,9
573.7443021963304,2.598948302340394,0.8816200695953879,5487.086207230471,5030.775542103082,6
610.4805368387667,2.5255674743898093,0.876293746208693,5403.793719075941,4658.7069899455555,2
703.705286609605,2.1933238640840975,0.938627236612609,6264.994655691848,5950.9159328019205,9
843.6793865979741,1.4702881061168684,0.8549435946959107,7678.298951795852,7257.698275217539,9
753.8534911670492,1.8919704221153426,0.9135463764520784,6650.003048442745,6259.637612542459,7
936.7143091941682,1.5880174036200008,0.8243766096932551,8476.557781474323,7956.466033345929,6
541.5112327154818,2.0781723816205484,0.8141385516299845,5534.566756396364,5057.542703369041,9
309.21252484831814,1.5131612711037796,0.8307330560434473,3469.0289688387934,2922.271148786142,5
730.1610202457437,2.7442010198201228,0.8215950048672856,6534.315020540154,5757.782640684451,2
655.8913456577006,1.3659523681135335,0.946170116563889,5692.392778553464,5337.2082366862305,7
876.1064081572218,1.2456972154093715,0.8121767733380912,7840.194897593723,7229.021722234925,4
672.7800464736976,1.093006838897067,0.8507937660291882,6280.237694236094,5854.003179160847,9
406.3643029577651,1.5086937173317139,0.8609854186323792,4111.594604168423,3595.701841210665,5
928.1064033377977,2.632104189300995,0.9268802110669307,7691.716494695931,7181.36697699333,4
150.61571573869682,2.767969238310549,0.8820052563383777,2276.403561743329,1873.3887190384,8
221.65597405688493,0.9624123240294801,0.897410091310596,2540.012259623205,2100.5426841704407,6
729.3756856166382,1.9144369472894671,0.879977175729209,6585.555833539355,6127.472926454053,6
710.2332242372821,2.73024930843655,0.8652363429268786,6745.032443123412,6338.285220897113,9
532.9701643763929,2.135182915724844,0.8969234108507637,5049.144230831787,4609.160869312605,6
910.9923827394841,2.4015422735019567,0.9438460161755058,7840.755936515935,7532.790089122455,9
331.8393217562205,1.7911649475934366,0.889617568832574,3477.8004108775112,2935.9936161183746,4
1055.2896500292877,2.3584441090854846,0.8754832168985385,9162.23422713837,8699.284755449233,6
815.4737542505912,2.6813756891378677,0.9308268986898259,7070.649558117938,6665.615849158157,6
935.1372041069666,2.3499081740164534,0.8595930416805863,7660.194293199174,6905.646955984761,2
78.25233682823493,2.739431545263214,0.9296250087940188,1603.441278364657,1278.6557388001959,9
1037.2350649556279,1.8865009594016646,0.9166847508227738,8224.184206651631,7624.436906960085,3
226.71543941005297,1.8282542290898343,0.8248686577823516,2892.79224592656,2397.870606614833,7
759.2108765665708,2.423878390763843,0.8667744070783006,6650.248311041475,6014.2547165972655,3
361.3792337963342,1.0761960154444452,0.9116676151988408,3502.5530901271754,2899.2385124218263,3
1046.2400653890634,2.757982782154159,0.9077176185600063,8669.493311747054,8143.130186077185,4
474.0029654331607,1.225508797052145,0.9312569270315921,4377.925791194409,4006.9059273965436,7
266.2662010924698,2.0741910769677165,0.9446759072858059,2906.715935955272,2599.7156920944262,9
90.9041086879098,2.7599063598023745,0.8507188417486379,1958.9716323642997,1310.9640013252067,3
703.8131620891155,2.6808836523036557,0.8055516343547772,6837.330169317994,6264.193285204453,5
461.29387295469746,2.31850280508612,0.8010056578102942,4845.326786115053,4223.737635040825,4
109.49200659957349,1.0403706915551414,0.8247282799659673,2037.9613975668663,1076.7243431150755,1
116.93616148690995,1.9226971774217643,0.881885362731151,1914.4450838432967,1458.420251482357,6
605.8462203300784,1.598872427888075,0.818127340032433,5969.899740175601,5498.480281478864,9
96.48313994127673,1.812922824465304,0.8375696242509223,1944.9728566314375,1177.7610666946289,2
954.3419892429026,1.69962971159219,0.9039549325450336,7710.098796170851,7101.266861531355,3
1046.0870614189744,2.710544623733239,0.8106378981422828,9775.59316388241,9293.637345810455,9
230.37651971029936,2.3475183223514997,0.880450729073175,2838.2094132093084,2288.4656068818044,4
424.7078817239705,1.1341152970843684,0.9160894280237725,4006.811346409549,3544.5331699496032,5
341.7902681921165,1.6187892583368388,0.8932776560629468,3573.4575635594874,3203.481597155757,9
1012.9475225641853,1.8568123478601852,0.8827389191454841,8799.311670216466,8373.981223047416,7
79.67483124865068,2.2080197143495655,0.8713275776219376,1676.6895808863899,1238.0138311237536,7
571.3043242351689,2.741783346889014,0.85996239226421,5647.210036598163,5216.501074829894,8
595.5077286880102,1.5630243584900618,0.8889613211100498,5272.689319572744,4653.0159458294,3
664.8558233205139,1.1194233947513639,0.9074186406344433,5855.442318881384,5426.462208483606,6
61.406368392009725,1.2467007874344256,0.8367380315833091,1442.537750383333,997.0315386200955,9
577.5177600931994,1.9829235664815483,0.8903722196059317,5057.442676318461,4320.235498599281,2
501.74174882415736,1.0544731628834616,0.9192048164670605,4643.473329892325,4306.045199873761,9
697.6769540959405,1.603522269503892,0.8099420718148233,6225.972911468128,5442.570128132896,2
437.36943302687905,2.0226754948595196,0.9164530891108968,4128.108041994905,3528.1964054043,3
68.73958366130196,2.170836483741786,0.8309002512458524,1902.506681150013,943.3653301729836,1
158.26989531863111,1.0518499427856045,0.9346637494112369,1985.2486905833237,1617.8835808885538,7
883.3592244051141,1.4879311253975878,0.9115222448934962,7518.519835771095,7093.797770460442,6
674.5342540114351,2.277582298640318,0.8064348785494424,6638.15341981325,6120.186891527285,7
398.06074520373767,1.1831179477831653,0.9090450738167045,3814.6959267957586,3289.453365559651,4
470.03941427519504,2.131094339843936,0.8444624788416113,4539.512449687277,3776.287453424378,2
352.325006236899,2.4419046234395054,0.8395504403858666,3903.863121713429,3366.1983064193555,5
747.7044429611054,1.7545999459859278,0.9184098316117999,5674.280861805522,4743.899713123066,1
115.18144734113345,1.9655602813423014,0.8477765356767755,1956.165943689962,1525.8186304042722,9
428.97508823683904,1.1174982100282342,0.8638114533366785,4185.262460111861,3620.917621935631,4
109.64861646498748,2.546809407806174,0.9312569045174311,1821.7890987543963,1477.3892678711616,8
977.2171400912591,2.1191290754502776,0.8468610442415793,8845.977737353835,8398.442749253201,8
983.7486267989989,2.581653833417093,0.9494285110031582,7941.58190078572,7449.622235327692,4
180.9288927764723,0.9329769233876901,0.859608463635726,2413.1506292101194,1463.638300515654,1
344.0743174987802,1.251355254165229,0.8877224280707612,3435.7979407815674,2697.114378299792,2
90.80567179368819,1.012487020203157,0.901139747096625,1647.956100248808,1037.1002053400073,3
563.4639605864389,1.4772831180046053,0.8604752213288558,5344.538897036508,4865.14266264638,6
473.36961807163027,1.1102238453287434,0.8770165144149884,4588.354617922553,4197.237280952112,9
572.1671937951681,1.607984228898293,0.8178170614523336,5436.443844272153,4763.292983944089,3
890.1473092883028,1.1735172999463916,0.9139911382150772,6888.455708838261,6164.2719629054045,2
448.08037698848034,1.0166053495417617,0.9474038735881234,4022.074531387292,3528.4838805114878,4
603.9275791063131,1.65494370528744,0.807989819322225,5991.849254033676,5493.059473338655,8
236.40642919257104,1.1182201778708867,0.8250429675233908,2865.363568737533,2346.0364689274456,6
604.7798724953127,2.7184078353037306,0.8891246368395281,5800.044473707992,5424.719480447293,9
767.442218586075,2.723825202314829,0.8284535627096019,7328.043449600095,6837.560233253329,7
610.8953504371929,2.2291531016004367,0.8346150576578798,5822.772297398383,5232.222007437652,4
219.75829711885171,2.501386119991423,0.9441780186158364,2620.135626062588,2228.378692626521,6
79.19915279556261,1.4708747411679883,0.9450568067233432,1754.7758400225518,832.8128119198392,1
452.6890850376562,1.2523137360335521,0.9337877799573364,4213.369579891432,3845.066839845946,7
182.8026032899202,1.6757317985618125,0.8645294899481494,2498.089910978649,1550.2087664524295,1
769.8979725638891,2.355818823742209,0.8295581651957181,6335.18871669211,5375.592435951456,1
471.62008757205354,2.211452389448029,0.8287506143110562,4891.539821673151,4401.423711720793,7
639.2657060880599,1.8295666810096487,0.9139243051228529,5773.125861565303,5383.179192419675,7
214.43960760335128,1.8203364112685843,0.8756152618239357,2660.5677894914857,2159.2507455972996,5
133.84681502076927,2.7380086995163997,0.8986863931055203,2110.3990168542055,1703.368966395403,7
402.0668433531958,1.264381617878742,0.8555873033057063,3812.501223727732,2861.6518176115433,1
573.6057589163976,2.672798910686379,0.9458758976165582,5176.550936065548,4741.723942929527,5
212.59643453670225,2.3945028157031683,0.9211148838435667,2612.351592347538,2154.782961505175,5
666.2788959284807,0.9496725023691579,0.8538367951950001,5693.01957283828,4935.182864120592,2
854.5888473683974,2.36075134780624,0.9117516275485662,6390.666862886755,5458.158243067714,1
316.84680298491713,2.365155322284058,0.8226254814282408,3628.4403041086107,2959.007217857156,3
1100.562814603238,1.0460021548872747,0.8172120105205894,8361.646480446057,7397.844863343263,1
988.6841610642948,1.0113083892434143,0.8463926205992223,8779.577115080776,8331.435881388854,8
253.48927136374292,2.0777975982763186,0.8552561541551493,3017.2602247973546,2260.2359618929922,2
1002.6992147312745,1.289405029929748,0.9175978570099295,8242.318356098258,7781.457065963352,5
193.68797033989762,1.6407948748025531,0.9102110548420012,2379.340238381891,2030.792912341883,9
387.4444667969595,1.74707970310384,0.8087218351647927,4118.267240424937,3438.0443436730566,3
566.4516420008403,2.0013508068670838,0.9443842188920961,5122.395530981562,4765.337120926313,7
141.97675565962567,1.5520116327316318,0.864715903265263,2091.0995832414314,1616.3803267766198,6
162.62682817022298,2.2405034113783353,0.8663285493772255,2396.7318537374463,1646.0148734445381,2
780.9968514021791,2.4976693413982414,0.9348832798399579,6593.3998784025625,6089.634031323186,4
417.62338769268973,2.703843802840563,0.9333438868629187,3948.0782054293304,3234.3834888148817,2
919.0230757707536,1.059423627753745,0.9125981846866551,7069.957048802391,6345.012020084659,2
573.1885623511862,2.1944045450387395,0.8477467725399886,5578.372075981676,5084.802250740408,6
498.96564113784103,2.339284330316688,0.8611638566208826,4964.961542851622,4486.326357325238,6
278.19558653602826,2.6490162699158177,0.9490698726363533,3064.243236837533,2762.325625709731,9
125.1893051093897,1.0971039173826593,0.876553632687309,1845.5183679044621,1453.7916778568708,9
284.22323232137126,1.3101062561434353,0.9425910323142797,2914.6287982802396,2205.888347013615,2
1079.1393031349296,1.5118174475378583,0.9202343392194281,9139.668600836952,8803.501203573363,9
111.22332790906714,1.222580206256967,0.8578136383337254,1822.0696828383686,1339.7263366610696,6
124.12589352172374,2.209163534360445,0.9432652467919812,1851.470394828882,1542.827744172294,9
800.2393523067901,1.3349649408961521,0.8792917292634121,6975.356506476337,6477.664679936797,5
608.2842407316994,1.6031807157662994,0.9391830105969504,5362.5125593460025,4965.821550377106,6
1025.9101819596556,2.2502537248380734,0.9180606885637744,8536.66193846821,8076.234828694607,5
629.9098603622396,1.2247406238630412,0.92905626620919,5393.072459645137,4884.519183037152,4
1041.5905566815518,1.9307018764298172,0.8672022198465302,8804.085847537066,8242.736475816882,4
898.5395025229509,1.9739105528321024,0.8158988715455,8345.504535773443,7839.414278155697,7
262.0140482032596,2.070391819661973,0.923979143245876,2926.7663375793695,2547.8664147841496,7
543.8311791074912,2.5616737108297682,0.8369703318429824,5481.4643493329,5001.464599448029,7
64.84559112821526,2.174213310297244,0.9319659692109863,1464.319786294313,1060.429793245503,6
382.4606600809574,1.3815059173538147,0.9489090550396502,3606.647007909924,3114.2692682144498,4
487.1680717537914,2.735505751356679,0.9483924607354137,4174.573872841684,3253.6539045468585,1
421.35926204371776,2.6102856648816273,0.9304176090912144,4045.224957404008,3455.153787382867,3
865.6683755586835,0.9898583688774385,0.8500460355270151,7592.349641857488,7065.405708415758,5
613.4089064804159,1.9105579497940168,0.8994033258180358,4991.707133764319,4055.2270424010085,1
353.8037484755137,2.395193457908423,0.9349564846696381,3636.5022882511885,3296.3027408164758,8
438.16653880772094,2.000761017441991,0.867996678496417,4459.443069923068,4038.9217204825954,8
85.75536979796665,1.920075580890752,0.9254753655944927,1565.5582359886462,1214.534741717824,8
249.939969522352,1.8027260124353255,0.8614251139345608,2963.6266069917524,2448.1753465216066,5
1068.0276272830072,1.5112353913451029,0.8325440311223842,9197.723489054475,8605.286900808478,4
244.83554234260862,2.0622268486692494,0.8800304474985832,2895.376704509769,2152.3898793666185,2
484.97765815562667,1.161826307525426,0.8227185177679617,4708.539486634542,4039.178189882627,3
586.86598259663,1.0842574915809293,0.8116397576010767,5120.195110509824,4154.483381572747,1
192.31907977876003,2.344466792343589,0.8410609068958464,2650.9478797813154,2149.8543750765402,6
460.2217184612176,2.0072540797531593,0.8987040802554717,4518.015720855358,4135.410912344157,8
1049.0723217534505,2.247771049029884,0.8800024643740236,9068.57270586609,8610.517106459945,6
925.7437105166103,1.0699458084271383,0.8516501728454392,8052.827743845332,7527.512299103431,5
837.4623954508561,1.980048363241441,0.8761422857953625,7251.517238130846,6698.01659408443,4
85.35166762053682,2.434665511934958,0.9372017323819195,1640.9133240210278,1242.2541959946977,6
735.5561298643076,1.5558927435023164,0.8909244080219836,6577.367825567199,6161.482900111354,7
143.51267617945828,2.0250062625832097,0.8690362339265283,2145.5995246746356,1726.3887169972018,8
896.765889569001,2.7666727476216204,0.897862733363769,7942.271085337335,7534.306202891189,7
468.5215764340181,1.3996155500597383,0.8322953182328762,4764.349949007139,4312.695963624157,9
535.4102650626953,1.3626270658824715,0.8603848742321447,4621.725695259983,3672.4710981176836,1
950.7766145446221,2.6950423251086493,0.9163585442146973,7446.0765861254,6723.184736800314,2
1051.2610994024603,2.7053885784225593,0.8784745978625258,9242.498303912054,8812.204565625463,7
425.4346341731635,1.9852669771865732,0.8761983766147903,4292.333498305769,3830.1603116111723,6
192.96103444279842,2.122455748386827,0.9309118616094388,2410.97685443826,1962.498901382008,5
694.0926672162121,1.4699451168882978,0.9317633902216769,5749.252024361099,5160.1221185255845,3
250.25709357597756,2.545664904408468,0.9433136427124137,2853.3920561441805,2522.5691572247747,8
302.56642093633036,1.0279426054740157,0.9004225527672693,3101.586698005502,2369.9511918261833,2
775.3710433030675,2.37307647111493,0.9403627071028366,6826.117161007334,6514.078987709979,9
361.3603427056888,1.1919156710234107,0.8195922767634602,3663.2052996615216,2700.21731241327,1
778.8327584372371,1.2874254833002157,0.9294063361695198,6675.883152198103,6302.868890916609,7
428.16254900402345,1.8640339032790887,0.8034819474820646,4549.8312739917565,3974.5005551762265,5
804.8732875682294,1.1780745348145114,0.8775068539813256,6531.798283932558,5787.393956990337,2
157.55757890081824,1.9983501229957594,0.920835599344453,2230.9463652761888,1510.4909505207195,2
689.7742136192901,2.3053272929510427,0.902341870735919,6313.153387344389,5934.924793820656,8
788.0677854076879,2.1886617651989573,0.8188357300744489,6886.476228851589,6108.322458785441,2
262.375848227793,2.2624235625125846,0.8003756536331645,3294.2731699271912,2672.0937502898473,4
621.4565364434269,2.7340792477127365,0.8615079478226928,5733.969710920476,5094.054066571366,3
743.4320133128626,1.644762612516023,0.8357137402267165,6405.755879286527,5637.467057789299,2
403.4780427194209,2.237187252946754,0.8036707567259238,4470.81240294418,3979.0075240339024,9
982.6341894399926,1.8688875364067616,0.8952587160854041,7182.722040669586,6244.901362891834,1
712.1190815846113,2.094523568973637,0.9257030034582004,6304.013764172423,5926.989234624693,7
638.6637050536074,1.7709130585643473,0.8637916044024195,5897.735822605018,5384.657164936311,5
516.3420525865887,1.4170324073164922,0.8403995734686189,4589.306215958584,3633.372580133752,1
560.4928773983731,2.4930931357591066,0.8630533615875778,5259.2050669574,4620.442229042223,3
703.8501422091387,1.7190575344027437,0.8609778822569308,6194.145556787913,5553.834144974885,3
507.40315942732457,1.7994757242870072,0.8334624886474518,5035.0882064179405,4491.153398621084,5
690.4102330320068,1.5290657681717095,0.8554902732418332,6435.119824843151,5998.696201320635,8
231.40327213435978,1.8145313672908803,0.8679756410723289,2808.145832678531,2365.5121486535827,7
536.6589104475191,1.2602741188044508,0.8413154684895461,5189.112400872241,4688.306321105868,6
345.4395912918887,2.285290480510562,0.9036531900973254,3655.9833330462443,3279.325889950739,8
633.8777131464476,1.6498893983823288,0.945791784871539,5528.189734812058,5138.018344157754,6
471.8783703024399,1.0744139429325588,0.9141427717910507,4420.532796287522,4056.3196401967098,8
617.4307339682091,1.780700175175281,0.8543580408470623,5832.771763146597,5346.588843962116,6
93.02287594810188,1.4338715413781664,0.887883524947519,1653.2216895330234,1203.6334034157787,6
990.6044154454304,1.1450391945919258,0.9311141894726438,8232.281792928165,7861.108327729973,7
615.432871236049,2.131553216868051,0.8420754720793935,5706.20962281948,5051.664390182314,3
1066.5611660088957,2.523445629178333,0.9345804445867184,9037.086132981522,8696.461024431323,8
93.3299698027384,2.32806173223701,0.9145300478921566,1712.8607439996163,1323.5847404861267,7
167.38278088754032,2.496228904601475,0.8138541570094817,2573.671545964462,1792.5819838625505,2
225.96973528212402,2.675655050855152,0.835138138179961,2937.836153117118,1980.1285003943392,1
1015.9058345130733,2.552505995952927,0.8611029459616093,8221.972853669455,7468.285915125342,2
456.5454182245845,1.7136322051146708,0.8528659202770136,4453.360172070869,3806.968972098223,3
671.8567288451572,0.9602368276055369,0.844968267417283,6226.124030518218,5755.887127030032,7
992.1927511800008,2.051938156254433,0.9415110425632819,8369.580385560452,8036.74819492311,8
534.0065322054994,1.571713781663074,0.8102817219947469,5261.0025171663865,4648.069197882322,4
533.4641358196993,1.0911363657706046,0.9055026194625886,4945.749791907291,4591.3073702788415,9
946.3546298545198,1.112105478190937,0.8389466192906064,8503.806369503767,8045.987493429298,8
681.5417164979126,1.16936880129166,0.8705451566534543,6266.783301556908,5867.110795796859,9
1077.8086024679103,1.5515241509220106,0.8938465556224467,8615.855284421423,7999.7309895853405,3
124.86726147166303,1.216822545412811,0.8637035496996035,1903.594332983714,1455.8919966320627,7
1060.1715029972524,1.9394046162295389,0.800538293762426,9754.74646116895,9229.33576169066,7
707.3802604959025,2.2037613542342283,0.824288838464114,6795.5082422842925,6299.8673505925935,7
996.7601594686545,1.8513581776961145,0.9205572815245862,8358.924205913698,7943.487870909127,6
901.4361520639673,2.1045872770746703,0.9412950886409552,6476.103611007227,5552.961454360935,1
990.0229289921456,1.5494453433739657,0.9125319288468956,8317.183142305044,7893.504900470474,6
469.54043822143905,2.129080944304695,0.9206043343137276,4407.770126840305,3892.2146387926973,4
279.99384998128676,2.5235244590131365,0.8317127076963847,3382.145314487756,2836.4015777766163,5
140.88487490566496,0.979972682063393,0.8151556485923707,2156.7078076747007,1481.4929235813904,3
700.5268990996882,2.333292859801836,0.949725499009062,6209.126430745818,5907.962868610761,9
564.6015793661047,1.4131505181415327,0.8672373803415903,5371.872140019348,4950.392440004663,8
858.6650716191295,2.4374543352762426,0.8811766498818503,6591.668493205591,5649.264114226432,1
250.72674589707685,1.5340364863300107,0.9214260636791836,2775.1056096602833,2360.55561455373,6
636.1807204180685,1.9190155305400325,0.8532264215791853,5611.28372903571,4853.097366258248,2
348.0287898841708,1.3238960578848522,0.887554970549344,3583.391109103936,3163.631240643444,7
824.5567238659257,2.06835722174707,0.9395661690443398,7121.323114563265,6786.3148641693715,8
464.8012439613676,2.350207695355786,0.8839283675391877,4657.414183157534,4256.775971692458,8
545.4742809239374,1.5851360943637158,0.8505726214109163,5087.5557137575315,4439.437890829795,3
652.5096150876499,1.0760669814851793,0.808526994648988,6235.173046949789,5696.758411263761,6
869.7893600827402,2.179149093647966,0.8468323899141178,7891.721714899869,7397.126059193996,6
770.7598733267495,2.190302113492954,0.843520164036859,6974.736734111532,6392.25644823541,4
181.14260900552674,2.3213456420946903,0.8745792164120073,2469.4357688782397,2057.1824314024116,8
476.70144044140426,2.0135224607686757,0.8852507873227812,4247.633883665615,3306.560233017513,1
991.1549388036558,2.2398474066021863,0.8229672648052707,8592.436988107991,7923.267604714966,3
959.361610991313,1.532113440154643,0.8775690810638594,8428.418455446643,8019.896267363204,8
296.31509436865286,2.6380261777579577,0.9162466724677427,3290.336674345486,2928.5924957168622,8
221.46317571826745,1.6970311154278137,0.8249673567390029,2831.7984497201646,2355.615358615463,8
297.1016838043767,1.1923085990774294,0.8255477014934394,3287.7777965526157,2513.562198546476,2
137.49124977856636,2.185477726144566,0.8589272170108786,2144.871243656314,1712.8422297993714,8
82.18716919793879,1.4286266329331634,0.9053956760529569,1521.520325095214,1122.0619359905688,7
407.53042012177997,2.4743331164844107,0.8353806906927738,4264.76896053963,3605.1266770049033,3
299.016879154751,1.8860127562175064,0.8425007303261233,3429.0765005536327,2975.886412204652,8
740.8152227323192,1.5301938532305976,0.9380758100105568,6424.149961589522,6087.468473720272,8
223.68330282170572,2.1925817502056213,0.8413825454406876,2876.3964049077963,2437.2892061669877,9
1051.7413521692831,1.3495245389950539,0.8899268145474778,8643.911051487343,8102.370671056084,4
488.2310356337606,2.5137773592992168,0.9423570522917113,4444.325506681252,3862.561434421118,3
879.2509744698762,2.0582634742700745,0.8466701411302309,7585.3815793645745,6934.317682042253,3
1106.1449795934498,1.687411534117616,0.8081946086267865,10032.35279966258,9516.601373263102,7
783.7575871935977,1.020271914373297,0.8347762979171871,6962.88819278525,6372.484611794913,4
838.1640131921812,0.9865499861541271,0.8186196955615875,7698.5141828400365,7195.821028998738,7
850.5949799948002,1.8456148806316857,0.9249782466660842,6893.63523081159,6299.746981958469,3
410.4226510444333,1.897247313609988,0.8151481967065838,4432.808085550992,3957.204201591997,9
342.0353629079009,2.6238444329067923,0.8848956089659842,3728.045634337985,3305.2143799277933,7
434.7960325942132,1.946417936434957,0.8355189131909553,4448.049018276289,3858.3208476790132,4
186.42133543343905,2.3703409192773313,0.824263848028386,2649.2081150018735,2186.3779744809362,9
99.21973787845886,2.090810003755715,0.940645673067943,1777.9663764971,1195.0176144246345,3
922.0495934751095,2.353732995622052,0.814505932645591,8537.2932089994,8005.820378744752,6
1093.0310126983836,2.7370639739364715,0.839833190018781,9762.53153853959,9260.050763559688,6
536.0334531993716,1.143927856642159,0.8256319695806335,5284.795113837983,4809.490525921276,8
720.8019584350249,1.9411728474365222,0.8405377706614844,6777.204643438317,6301.569638855047,7
754.1206781661602,1.6800921099081692,0.8151641886796285,7179.738789983212,6690.539518220112,8
1074.4996524994924,1.974161104562573,0.8349800202214295,8165.709623733586,7207.94855589753,1
432.54990463928135,1.211826556345438,0.9356797708290995,4032.637714535153,3632.4625080441697,6
155.52072134286342,2.2118100322146086,0.9223055902183093,2137.0292980279964,1803.3906586216558,9
241.3766173415338,2.6201739480938846,0.8690454985447313,2996.95802246991,2555.5894465318042,7
912.3433603428662,2.3179232826140397,0.9037328265637508,8064.507914640816,7707.836836238308,9
385.19948361192735,1.7187486731691146,0.9175649799223968,3845.995250640532,3506.553827188838,9
817.2159065266063,2.4502406848343488,0.8308814150839533,7615.780974503332,7103.133004039363,6
447.5524276971209,2.2497480830497736,0.8926946658484688,4310.385897643995,3693.426217151634,3
93.41257489903718,2.028399897151674,0.9494793573548521,1623.6491267605518,1237.0850761291383,6
163.03781469117274,2.1804016310719825,0.8971237132036024,2331.9145584367243,1598.4551475292906,2
942.7372505349433,2.0823110864015115,0.9314996863315413,7924.826408102746,7520.468476385179,6
750.8198262293917,1.2981444861487517,0.8751046764938645,6739.378798190595,6305.142621066008,7
716.8083319062731,1.4374018897454703,0.8887316702407937,6316.443661616307,5827.989256075374,5
741.0258231366855,2.116232170007672,0.9428855222157575,6483.116449828518,6151.817003274016,8
252.2922879299128,2.702153874664417,0.8400265564710103,3159.335771223665,2573.697437215325,4
629.7859069646013,1.924828991033214,0.9346104920735667,5683.083004214228,5364.252087467023,9
1110.8685310765738,1.8937351010532404,0.9493474439302577,8739.480227522909,8247.455334213115,4
459.79322712430434,2.418905005700585,0.8207707926975835,4837.48242018206,4313.244819886397,6
354.4369764464062,2.367728254694344,0.915787633232145,3474.516735708769,2543.2988855077483,1
570.7653686065946,2.10079872552633,0.9346105571184118,5065.812970340779,4561.823789712334,4
785.298015959608,2.1651195704754174,0.8050727345390155,7591.072088312575,7101.252533344794,9
275.8677324280273,1.1418825286568473,0.8622651739446421,3078.0089213449537,2650.2304511277243,8
380.33320961052493,2.3125699438509804,0.9367445651639057,3773.428760135699,3330.305621735478,5
402.09543681549286,1.0390338972101056,0.8024325253506135,4228.547738078948,3652.1032194890263,5
175.88790302504773,2.211387689026514,0.868623343907927,2424.8232349115956,2022.5954053814378,9
940.9434921415889,2.039275805180564,0.9065670427577129,8230.503407723485,7877.398033489841,9
653.4811539328394,1.2658265138012463,0.8322318869632729,6096.959813881252,5551.75312143787,5
994.2330217005186,2.026337322193992,0.9302565797632553,8304.50243012875,7898.895313061982,6
753.3608391635022,1.556555518435817,0.946676658989393,6221.515643652502,5727.338190238452,4
358.1368853696807,2.11888809653892,0.8448578369694393,3824.0095810759694,3171.5741574455765,3
1056.2108514524582,1.4070605029231311,0.9233498929469169,8722.354044369615,8309.762632803486,6
507.01014007505864,1.4818748336642475,0.9151473029524724,4440.374583277545,3716.822064349103,2
516.7379889191548,1.857131694535363,0.9322821684034615,4779.805788127803,4409.888074383927,7
751.3725859869296,2.740491809891599,0.8601290291364303,7067.68378830995,6637.187165551559,8
704.1463868202047,1.403173561275082,0.8788421862535887,6374.2181072242365,5944.353337278456,7
1035.1875923570747,1.6279248838294922,0.9240217345286998,8741.725256165637,8389.025083691828,8
550.6430010933245,2.5568542663779295,0.8029169163870322,5715.234376032496,5209.632974033743,8
980.6024874321208,1.3670278778962628,0.800622135404162,8747.180953172267,8125.232505046958,4
249.95482191155182,2.444614461271488,0.8998251962698685,2936.839653930727,2325.0368274334214,3
335.52299414376364,2.751707673324558,0.8484717662821383,3591.6867782261456,2638.4621320836573,1
357.95989982183784,1.4374167173093202,0.914550496927511,3599.166750693808,3235.4327837759197,8
390.0725354406239,2.6602085291693682,0.8163639423149169,4375.579161461876,3901.683983688738,9
224.95797454285344,1.9336640197955484,0.8766090528120399,2751.558668569643,2341.8401107244563,8
599.2401270750554,2.198816132649226,0.8113336804920273,5750.2012101544,5072.014468262988,3
515.7319565191741,1.3621548959080387,0.8562857221030932,4941.05936662883,4420.434542480149,5
554.0270889875558,2.2970856104390793,0.8585382420690224,5293.079315661825,4724.0558909221145,4
944.412267923945,1.531662010158954,0.9460070884821744,7779.8153884017765,7389.8552194023,6
593.6133551303714,2.4899481831209553,0.8839276645787605,5563.5609729233465,5070.418468384177,5
900.1145888994874,1.964717039628313,0.9499457744007809,7664.818185769848,7363.907712948665,9
328.2848867550483,1.416410622972768,0.8526679824798775,3532.401389556739,3008.117799117505,5
567.0241802341186,2.030827346044669,0.8278657119701913,5495.372698338276,4898.662060724667,4
777.455854155109,1.451127868402142,0.9210872357412933,6156.115413450367,5435.79668039651,2
356.5207580100386,2.051508454358384,0.9100594210083086,3468.379182805671,2535.328306985288,1
155.71424415777167,1.267488669867557,0.8804111657348069,2170.8013770956773,1544.877710021204,3
1047.468772918789,2.32691824824666,0.8503545730985467,9272.366662545885,8781.716949803254,6
921.2780242550062,2.5377523611095576,0.8822471035237052,8191.281108822234,7765.37970048262,7
563.446517086718,1.5699102934215994,0.8024168277726869,5691.810153020154,5198.228206057439,9
894.9920907042732,1.1001961861465424,0.8160271672664152,7066.5292184987775,6102.322081925979,1
625.4931322210358,1.6845743552976085,0.8686764480885671,5592.017757478602,4957.436138109779,3
1023.4795587335325,2.4518156824544066,0.9131028640786933,7908.138544128454,7183.469433026224,2
383.0551130037275,2.6404684226965234,0.9394162311799001,3876.534582103296,3541.358219448095,8
199.72699114726137,2.7891102476846985,0.809640000481887,2850.4203629796775,2066.8386823700325,2
948.3298455702595,2.700235462337995,0.8350513340021296,8776.156706834514,8313.2454483682,8
720.4887827928615,1.8131259277734202,0.8735220375978393,6622.782248562834,6209.205954820171,8
259.7674989548442,2.518929640420921,0.8821356486954361,3017.6616694842473,2075.570865156499,1
865.5433632180225,2.1885531148665756,0.8886938715881143,7725.957334471959,7331.17964671664,8
406.8954253174938,2.4646138693287103,0.8875415304251866,4176.982695557793,3727.0287675260756,6
500.7884823170508,1.6302504840773724,0.8623568569824938,4791.70939308525,4226.076424108406,4
832.0644377604594,2.6393884643465464,0.9290607801186402,7001.9011501725045,6493.351594859934,4
943.2601833845388,2.4803883893251477,0.8900317606039025,8305.029814263296,7888.120132406086,7
815.0907864056913,1.5931111213310076,0.9403450341735303,6872.370350746461,6476.8307446231875,6
180.47528916415894,2.087383252069768,0.8595279699139177,2487.3068190044196,1919.1633765153522,4
905.5295954770188,2.389423344137212,0.8165478968565099,8397.218567526923,7868.108388764353,6
1024.722808050674,1.4832450140608706,0.844892382539407,8914.111217314541,8381.917200258107,5
652.6941389637651,2.68590292483457,0.8461007932568623,5855.278103992322,5092.997604930459,2
547.084734831264,1.7064653248964465,0.8293439201201027,5457.416218431624,5001.664280888421,9
160.73434653871882,1.1248274845869304,0.8774889455592176,2281.8253377645938,1338.2132013386533,1
951.6289568889471,1.4853404221065454,0.8402409287801555,8631.93247643129,8191.255137937574,9
407.9308043122126,2.7014729210895885,0.9241309974165998,4109.108622757213,3730.374122493413,7
483.58798190612833,1.6935202566971868,0.855617276395015,4802.232910063475,4344.864250817159,7
201.30645001504195,1.4765751693820315,0.8246204260167327,2640.5141215005588,2120.702208587621,6
285.4453739980552,1.0067102676472937,0.945558413820528,2869.0563903397965,1947.2503658110302,1
808.2236207648284,1.8831608430929299,0.9001556451622371,6742.077751884155,6130.513073309131,3
1096.6745276788808,1.3751253221489728,0.8374131889420848,9754.937424623306,9295.11623397489,8
597.7553763847009,1.8649423977472528,0.8579734764176438,5675.399638095813,5193.233529318385,6
838.019556526919,1.490667945021314,0.812116492005044,7881.412023700278,7401.540710162496,9
737.600990616305,2.1967287529532804,0.9299955135242123,5609.346464843675,4682.64419553021,1
254.26880251715843,2.5219982412881854,0.8296447793451882,3146.49445253218,2374.67295202673,2
275.7971502423515,2.344466937837739,0.9222890040992334,3062.86580687425,2606.392976280901,5
425.77596051888366,1.2879013330978575,0.8516972632940518,4319.439887170019,3878.1456709773142,8
95.48897633272591,0.9784647049129912,0.8679717123521454,1632.0825162691153,1189.4441833806675,7
547.3221929331319,1.6984670954118775,0.8490438418493166,5300.8369443611,4808.720554276645,6
194.02147852210544,2.5489704907043627,0.8479210258141152,2674.079505609693,2207.4260044243792,7
750.3954903341692,2.0085476400191236,0.9062162367610538,6676.705155718699,6278.167465540037,7
578.7916763079246,0.9610079218095742,0.9380141001993009,5147.10249223333,4832.30101379223,9
148.2558500333002,1.4560081655581398,0.8184952675894177,2232.3017251519946,1705.4407979545724,6
206.09800753346659,2.7892815979893126,0.8107154613166723,2908.3794329992165,2395.7958345461016,7
783.6368122579836,2.121187224584772,0.8846219836684993,7137.095512496807,6755.931511101465,9
854.9253343125492,0.9419638514507799,0.9039699142765012,7384.228381060415,7007.949911055356,8
480.40862980652486,1.96965648935324,0.8782029581962383,4624.100357581815,4072.398655222724,4
1105.008745660052,2.2655799965000387,0.9050437113670913,9485.482435418158,9110.487328824815,8
301.7574737020958,0.9385750938469185,0.8580260470915965,3247.398774652832,2728.5290332361574,5
590.2750114266977,2.6889604482113,0.8362060212536132,5212.740793954799,4255.39373555563,1
809.8987330953388,2.1443865215873856,0.8515338113263954,7448.81618852397,6986.531249902995,7
723.4479878032893,1.2882030561073343,0.8537255961468758,6635.064363117656,6175.421077992752,7
811.4365970218843,2.309458132421362,0.8761971302149247,6953.115273763523,6324.093041616129,3
602.7102122412937,2.4886400835972875,0.9043987958929942,5684.358200467258,5328.526575427755,9
95.91941111576573,2.0999702951587467,0.9041441293957566,1735.712858623755,1303.3170628958535,6
488.33560291549213,1.2248824735655142,0.8308093680749409,4772.964790373257,4178.945536420735,4
781.7810293784888,2.2612667752855393,0.9001844992209395,6850.442358464558,6373.055347452191,5
611.4137231458972,1.4254901506796755,0.9123768134055563,5359.35634207167,4836.918915740401,4
65.31175522744894,1.6944252003473175,0.9071039309735114,1400.7831010070956,1048.3511634821848,9
354.4405422709691,2.639090993663046,0.8964116531024927,3732.293955850473,3196.319899847765,4
454.48630830902215,1.9932697262157384,0.8389494429369898,4589.595421753196,4002.981357107691,4
1067.102551745081,1.7085556950450762,0.8783715344717633,9032.783663180977,8534.185909912136,5
165.07990889038317,2.2187938388893182,0.8583098497652895,2393.58048943562,1824.3538759897779,4
354.9151912531716,2.5849939149188454,0.8994722111092559,3718.8676345950435,3185.5070855436425,4
905.7633873517268,1.542976567653247,0.8082466601512187,8434.104024893391,7935.658467571387,8
181.0905654782767,2.4389689990478782,0.9437260445856531,2349.9296085110004,1853.3659397725485,4
258.17318158792364,1.3025395128334132,0.9477975284511465,2732.2559925012197,2344.0494267394897,6
353.9770847068414,1.7265085510272253,0.8436876591047895,3840.352785593691,3388.7046985052452,8
778.3323790820522,1.6079217495709763,0.8137287718709636,7337.1953470773,6828.38996387832,7
314.2612479962462,1.8900756375454524,0.9479375122334699,3199.026403191185,2705.8660252587865,4
892.729195341888,2.0796128503771,0.8656891873566958,8095.3411761837015,7689.199359906572,9
884.1032641266556,2.6584947862547796,0.8388515549740452,8121.69656463521,7618.105326297003,6
1081.3222250987271,1.6117495055808047,0.8889281794891296,8348.927890817597,7610.916520309608,2
339.31865107939217,2.4474011110671046,0.9040943061846143,3637.5165752328285,3281.301263033364,9
970.856477732795,2.6115825889820776,0.8855411660500971,8058.321064240645,7436.153402717861,3
468.5581509784675,2.75601693522274,0.9371375438612704,4544.447170095846,4206.709747838586,8
757.3179053808473,2.5652498646409176,0.8889449685227696,6895.677281023333,6477.518198988201,7
403.96224896332285,1.907540571111273,0.8620435649480828,4185.209138456543,3735.5300964854873,7
519.9644776684571,2.4669106448748237,0.8339635889734008,5170.556711541812,4579.413444778434,4
319.30652820112965,1.7159752842139986,0.8596801338452902,3407.32781993589,2652.8301384253373,2
197.13981225575623,1.8076978884087669,0.893020855558478,2487.1309113106227,2002.8394706037168,5
921.661022771852,1.7481891207815716,0.8638507547745695,8287.670371579488,7879.068565588986,9
308.90567730448885,1.0571800326783414,0.8356071119716396,3373.553183651548,2783.9051995846444,4
655.5997096949374,2.36945355149561,0.9406559367517751,5805.504437382485,5410.272527539393,6
633.2495126873006,1.9021560454886344,0.9342188800585058,5681.385464767267,5340.350883239284,8
758.7671031790048,2.706192736428883,0.8357977097469141,7163.901051013408,6656.848113148613,6
293.39204551928395,1.9831422924679356,0.8277428145732728,3356.073556222765,2583.1415818677456,2
765.458632682899,1.1674142025679146,0.876952545726459,6610.638488315186,6057.84564862937,4
654.2646225069624,2.240162989001173,0.8461698919751546,6296.997412622739,5848.567809227486,8
575.6892908333597,2.242130042375205,0.8792092700818694,5547.130214855153,5158.893986261355,9
976.2370196022716,2.624185044477167,0.8060497589691596,9134.881085548135,8616.429374795647,7
453.05223643539273,2.352974289976576,0.9056673653552612,4414.1324166253235,3941.9884760868795,5
375.3893186115907,1.0643660727173776,0.8196667508058019,3989.2120390405953,3487.8240648692536,7
641.083585347393,1.9639529096482375,0.8615747804559583,5879.829733511215,5313.503419665389,4
412.7249274442254,0.9325571446717155,0.8965742923762663,3978.647504202578,3538.2953697200655,6
360.62897560635804,1.7708384338847059,0.8435460488460053,3745.821707596004,2982.067865911205,2
342.7569720325228,1.5759342212941179,0.8815970816599167,3586.4058210090793,3130.0703836091916,6
1006.7750711250102,2.3249082160157113,0.839276648121899,8598.183434879082,7941.510849224269,3
600.2598064537626,2.16090888777655,0.8505632191838883,5149.6173633456,4197.092096342917,1
163.67496259610817,1.998948009664218,0.8078837218647748,2464.948467788698,1894.2790376484375,5
290.1475037572843,1.9255199238669771,0.925186765725784,3095.352510742544,2583.601970789213,4
315.1573622882439,1.638481055343256,0.847292033672667,3344.0008750865964,2390.381274655645,1
170.37099837936867,1.770229635793614,0.8807935886253899,2302.620470844899,1845.4187168301432,6
415.5706322449834,1.6366279709878997,0.8170602895808725,4405.460592876446,3900.8214019447787,7
454.56384915051444,1.268797453218607,0.8265634851300554,4642.636468217661,4168.562307960865,8
601.9059399558264,1.170731271501245,0.855146752431355,5705.4750210313605,5285.149459406896,9
372.480382280382,1.2121418172194693,0.8164478505473209,3985.884655935417,3456.6588171312815,6
442.88717512190374,2.5575704613970425,0.8991111760878077,4293.930388319362,3681.612728767708,3
1067.370281842258,2.6409531114118057,0.853532029913103,9530.268499378615,9070.392183740341,7
852.1762791712291,2.180075709650365,0.9361333242041282,7160.381794158342,6716.699519274161,5
1074.718897106921,2.0352323005059927,0.8105527614109329,9867.457471623082,9372.099707939316,8
186.25935307729657,2.6477089790192174,0.9196625248902848,2451.5015463546424,2035.1511636504945,6
206.59422432225554,1.9524465362394365,0.892779353331402,2582.338921428827,2043.251837417546,4
1089.0967286415491,1.781200643140699,0.9106618403126961,8607.545331049225,8003.513559642907,3
822.4065276218429,1.2080249342146294,0.8412993674139213,7513.320453450928,7058.567648344237,8
705.7515724588576,1.8316446239039985,0.8252550085107964,6415.993258088252,5748.587072581711,3
456.6780897464855,1.509807344051627,0.8116119414021813,4498.890876998382,3716.47631952661,2
236.91595749554543,1.9951191498203837,0.9225822650256962,2735.35092331474,2139.774844818524,3
1008.912768921103,2.0246240448075667,0.909401606558607,8623.001949366504,8228.027212631367,7
406.76596455705356,0.937831976530859,0.8661300713699291,3772.0571421871655,2824.705338937233,1
63.53786252805896,1.9282884769564785,0.8069072819613234,1777.8142442349308,992.6123139690454,2
869.190467691945,2.5532578972683355,0.8416222970156931,8033.837920572172,7559.526635860612,7
1050.0618806011835,1.4648589729418158,0.8352343529387811,9409.868982035498,8947.197429360054,8
919.9693573145299,2.035338098877589,0.8740030028717466,7877.337547588954,7321.9652860930455,4
1111.0509164527057,1.9688219269062774,0.899021906162854,8864.061771456874,8251.679720907843,3
660.9288565395833,1.0318877080429694,0.8573792753170467,5814.768567946771,5171.765398201474,3
824.6270877707659,2.742001940727826,0.8971113053522671,7330.101332117351,6890.316370357572,6
1061.7913211958135,1.8937082811791206,0.9344512732496012,8845.843909241814,8478.251499957027,7
729.6972214485077,1.433791658284002,0.8676802449836195,6670.220388082322,6249.299765895054,8
477.62096101865984,1.7768597892860207,0.9052147717007286,4551.497916059072,4120.220663475422,6
477.3524806808265,1.1633927405747393,0.8562234877293692,4621.405438076901,4100.717791705272,5
170.7252179046267,1.1917323665919,0.8341427915889149,2386.8899032491104,1617.6882148270827,2
133.7211879855794,1.5654822289495869,0.8286685823921722,2155.0212694471325,1490.2397814353012,3
287.97891442768855,2.1101252905074057,0.9276336740659357,3085.191580367521,2493.1693209623663,3
741.415857716307,1.4485937388014583,0.886363897551537,6630.349488172485,6209.215424103966,7
448.5592862233031,1.1723155718964673,0.857946887846619,4079.0893834912245,3129.0250198014537,1
707.1436043412313,0.9472804778539744,0.9202840504279522,6202.454775325471,5866.348189640714,9
454.8877263873437,2.7579464428286897,0.8159402541503064,4453.1064821243535,3488.86958559955,1
974.7822283217503,1.7262974052585485,0.9149995535162656,8349.803730801797,7986.59713225443,8
750.1729244407862,1.40473584717592,0.9432152174049194,6196.5424996536,5699.564851199067,4
470.543758823543,2.0008613030969604,0.8573742917171177,4681.207405369116,4161.680762373319,5
329.0059222048797,2.0767179587995743,0.8009619861008266,3819.289052062363,3272.0417884481294,6
987.9637097198378,1.909281695157586,0.8208510320177358,8953.122150832298,8428.976955802525,6
287.26162074040815,1.7688878562752826,0.8599682333185021,3220.0227191916074,2578.95695145783,3
714.4178156984248,2.188431181522177,0.9297042795513701,5796.497829478807,5080.8429501689,2
1029.3203519872438,1.9296295411614701,0.9416146392203125,8224.252313739738,7725.975889784647,4
718.1525605257831,1.585062671969014,0.9466480868060843,6066.543995009456,5632.413658969868,5
932.0526934866953,2.1701683433683563,0.9193369355712702,7245.745259431732,6524.475240296144,2
736.5403767230947,1.998625556779835,0.9338013127906566,5565.551989661338,4640.051861338603,1
911.2501151658894,1.1915259597025099,0.8971567385870179,7387.894190962508,6774.165546914894,3
348.1845505468362,2.68568068891191,0.8870857004574167,3550.0314493840046,2609.555906510106,1
409.2587853479799,2.2187534826955533,0.9443450753593731,3913.9859136895607,3417.9235722398166,4
693.2036276908385,2.2273510508827714,0.880123168510409,6464.872346936547,6077.834201286969,9
536.7003787092265,1.396583412959108,0.841041784169414,5210.059920827892,4708.944821646299,6
981.0941889532999,2.6881758273233736,0.9347467070084576,8269.33760912304,7868.231135151618,6
882.3065618814338,2.055665675369359,0.9260310344874736,6442.6074529758525,5514.649594888144,1
457.9728492413527,2.0187734923829135,0.8400342169773036,4726.411990980134,4270.011381152066,8
414.6755503667351,2.712094145295537,0.8408131384856783,4478.4281883431295,4023.0423460823913,8
638.0216484273321,2.431443775114285,0.9462436977156891,5425.373775358995,4846.292691668871,3
270.5656767939254,2.3293621366009423,0.8113538344391901,3288.226158465549,2505.658934497126,2
614.4146025295146,2.6758970475697272,0.8592729858204597,5981.282465744364,5549.694560207433,8
77.03681451051395,2.659512833124683,0.8704406899992211,1811.6531900589139,1178.3791027653795,3
814.5065357877808,1.6036284238964715,0.9383705588534663,6879.645679094186,6482.148368284171,6
115.6140352537446,2.7745975403933696,0.8526416686492935,2113.0604585024703,1538.7766171505884,4
862.4209275164638,2.78914681041704,0.8930708446640769,7019.5258819306755,6283.819121331635,2
86.26649883401043,2.165004881944648,0.8771362827869547,1741.8477203608668,1242.0323544382406,5
203.84093815762168,1.9245466088080883,0.8287445419488293,2718.5522381968153,2053.8290709428597,3
450.0928872660328,2.2423196292256433,0.8755667513897962,4559.04465031212,4148.025391955427,8
1095.7993831210317,1.5335673298119927,0.8026512700164498,9792.84681985736,9216.634543972614,5
733.4582971809074,1.4681599587255387,0.8166676646596112,6621.059126711894,5947.017413769032,3
655.2650471470993,1.6322138082373228,0.9010114789324516,5827.262644383561,5350.668756198182,5
336.5494537095255,2.6283804289162047,0.8694650035472067,3736.758198889228,3295.885221183046,7
687.7317321207573,1.4000787180157677,0.8060482170714639,6523.049679691332,5950.438605598024,5
703.0514904550928,1.1288367286835796,0.8625681166267999,6303.135577971719,5788.831034670407,5
823.0083797323999,2.702787696623929,0.9103748278042669,6653.858620318642,5927.696712975399,2
494.66568186134697,1.2831037874984499,0.9406638221327944,4542.339740087545,4230.654831031382,9
110.25919347348406,1.0986282422514195,0.9283261169424494,1622.0891465154036,1295.7421001104392,9
219.7083085059649,2.175329023774769,0.949024759601455,2581.675630022466,2004.5079317739048,3
384.05565944238924,1.0530238920070927,0.8017952929048626,4140.601127225592,3646.137862516722,9
787.7734570852604,1.5292547356955806,0.8179636521609379,7327.237891051228,6799.76332302285,6
525.6353167500849,1.7320956323394896,0.8420093859968931,4676.297505524158,3720.905343612372,1
112.17844559912248,1.3286044994335517,0.8318261637607568,1958.96674038015,1296.606490200575,3
136.55138586105622,1.6339922641833016,0.8227044348778937,2139.053990195697,1674.0450701167183,9
113.58095714404503,1.6268647897771142,0.8976755967354727,2026.071613573332,1089.0331491847899,1
325.11566614051145,2.637799627786938,0.9394559191149622,3393.6046450876397,2893.572588188247,4
1061.458783587806,1.3920296808858799,0.938857166306072,8872.258362454173,8558.450430365468,9
777.2609776111578,1.161551098245735,0.9249459401635243,6712.820522751854,6361.186890132264,8
1104.519153048765,1.1581576796440864,0.8452318590556132,9731.031786990177,9281.386934017351,8
74.82924236958404,1.779663147994268,0.8459418807614169,1641.8219486152498,1146.2262837008989,6
117.99871723049786,2.2611029587651,0.8119658867077765,2198.265740164744,1416.0604881621502,2
801.2861668722513,2.3054206711519702,0.9484596968730673,6885.400994947326,6532.609764872117,7
1002.7926394669231,1.9072851951118555,0.9341162897322906,8473.585871980553,8132.43505418179,8
996.3466940739079,1.1437014114240427,0.9132837209682487,8203.205371432634,7738.284308481271,5
702.647827461955,2.049288997787055,0.9150004490408831,6346.988607050258,6004.3859336333835,9
369.35226198936124,1.0354452765660132,0.9230362805835526,3401.570526527266,2472.6619428407535,1
578.7881368463001,1.1327526169967752,0.8571912110119855,5428.971415503851,4945.93758139907,6
1079.5058640843747,2.628462580971115,0.9156067937704281,8994.609733509165,8531.87762032314,5
71.15695302801375,2.1713673212256177,0.8180992440805623,1712.5214980874944,1209.1791460987313,7
297.9018596663919,2.0692993337434396,0.8746071901312387,3293.118951108986,2662.9245571225583,3
297.98207794968664,2.2881622054373634,0.8336969573831967,3501.2846111057565,3017.265977453117,7
686.6292692108962,1.8649896249420317,0.8129026698747119,6348.014411964397,5671.048780855683,3
899.2862527184676,1.2800519970545532,0.8284763316220638,8028.020736458766,7478.923302009837,5
563.0596977098566,1.5614951043018304,0.8939803664712677,5166.352431182555,4682.989307332717,5
404.52777709538196,1.8142575150227123,0.8536592728233487,4166.34971205163,3643.0700373282875,5
224.07175097658424,1.5382615786610723,0.8841926409459615,2667.4643721575217,2285.7414868090063,9
383.8514200251738,0.9960874854314118,0.8546966595815568,3771.9368793241774,3014.592466313221,2
847.9647213149342,2.0223347604874866,0.814280106165431,7824.869578420476,7260.942807919832,5
280.35708183900016,2.209777995934798,0.9014350316337657,3061.655440976089,2125.831112029374,1
101.68470496268445,1.7139078504901635,0.8972690888943078,1739.382889136201,1299.7644933209701,6
855.2697879735662,1.082270658045455,0.855315766262567,7676.674378499742,7240.02714371772,8
762.5308073245445,1.5563720499450688,0.9323288559455949,6221.226538326534,5632.491757790086,3
348.97646344531836,2.4676537594811023,0.8853773336758993,3672.352721909411,3050.0653813524327,3
192.61374849034644,2.4520859547508054,0.8139383247239255,2741.986553526333,2177.7004374441253,5
996.5811070291458,1.2941250592407885,0.8895654951090499,8551.224778618101,8133.779304783154,7
737.8346473558587,2.5106708161797027,0.8819924257634665,6560.778384104374,6012.3748049484675,4
936.9042283332687,2.6835415743914153,0.8720100915325242,8101.36089199771,7544.241371639216,4
1010.2250773787838,1.9584821131283163,0.8543279462356385,7625.638519383177,6674.369589321345,1
237.4923320420875,1.414607964129326,0.8795166642705478,2768.312321849502,2217.755464702522,4
1070.8244445465518,2.710139774614976,0.8073810598751845,9727.271691324931,9156.070829578703,5
373.52787841329456,1.8442743040387077,0.8962229268058178,3809.5283505847838,3368.804892285803,6
271.2898393733656,1.1584726244216308,0.8449362204438666,3066.661301829677,2414.2852419195083,3
567.624312585611,2.4616256708482585,0.9069375201155221,5347.870959288337,4950.14160637106,7
971.1143417451017,2.5289504115036245,0.9343737693559098,8369.167962789841,8050.055710014142,9
549.3239830156883,2.6436231635369642,0.9428849227743914,4744.256680821586,4035.6730757858854,2
1052.7968354451648,0.9710231072643818,0.831128309672097,9257.49230527522,8745.12595820813,6
695.8806055140482,1.6153559371688557,0.9391421529538396,6123.097449704317,5809.6249626311255,9
273.5604004766334,1.2128934937204496,0.8246058671005706,3178.5987353091773,2683.351157614066,7
1044.8851008290874,1.4160313835769194,0.9275645122892447,8503.58090650602,8052.010454937064,5
74.6895429187289,1.1996949341023613,0.8284650334692129,1635.0922757126148,1038.9301731893463,4
695.5949359783464,1.233163141668954,0.927662606486781,6006.424418051531,5598.202869238302,6
852.0238105365371,1.7298407129475888,0.8899299860123926,7549.351929147578,7156.087593765332,8
951.6379178994144,1.9407389792563934,0.8508260380757617,8377.422524192007,7851.270772044095,5
980.7680079901822,1.0810669660237173,0.9126888301618469,6982.816429323626,6050.60785855423,1
613.8177094583349,1.4906536004313151,0.8240941018539433,5943.766062946855,5447.883519413147,7
824.9644026195292,2.0035540990004694,0.809804166956221,7417.82303696285,6738.444426094597,3
243.37338025129768,0.9356928722624545,0.8002616250004544,2944.967790326276,2155.811792127007,2
172.08673146199695,1.8881174376689167,0.8693468136701729,2353.7297789549557,1912.7171998128024,7
919.2213966287133,1.760139014076633,0.9258944501223493,7522.274897057494,7011.110174537327,4
1084.4728189415532,1.850671637947332,0.9430305734260098,8954.603231948995,8596.120391793447,7
408.32302445132063,1.9369738687302256,0.9201963796586614,3728.3132940611417,2798.5013436132954,1
774.4489584293149,1.142516756961791,0.8053404466916966,7320.898173232618,6818.553962810371,8
498.65873934276516,2.6713143568692517,0.8828318215780783,4988.346131925274,4604.849439046474,9
149.60104056509581,1.2229347997898028,0.9405355739393924,1914.1333037824968,1602.2979640093954,9
113.81791185056703,1.4631457354319648,0.8842556958773017,2028.0244525716073,1086.626123934427,1
515.9913512323413,1.15562567955857,0.9381696332158583,4378.288262549474,3667.183631808525,2
748.9319869449469,1.4096741207326335,0.8776679523951669,6387.043410519743,5759.104018317847,3
391.2792219916447,2.4858746810099386,0.8887421313111236,4098.507395139094,3722.6879606150137,9
827.4517689930088,2.4298794001045323,0.8042696103552535,7859.258512737999,7315.879734511161,6
1077.629107789892,1.7132550833268352,0.8734469297171633,8996.021057760365,8440.161624777424,4
753.2664499175967,2.599289036915592,0.8960068166928467,6707.1663402066915,6225.760213048702,5
594.7604889555423,1.1052469149223767,0.8044607668712613,5828.79583529166,5308.340759226155,7
1100.8344601229735,1.9406449815763835,0.8975758228749414,9513.202606638057,9148.724708740085,9
560.0639041294935,2.5017004904378934,0.942516319756767,5070.5994767687025,4632.732600342888,5
332.1077996604796,1.9564838333922752,0.8396441110303451,3712.870314310071,3255.961174059615,8
991.655282017829,1.0664610514846251,0.928974164730047,6949.431174050765,6022.405758750998,1
861.039371208942,2.6898805052612427,0.8266393491161914,8081.32473351766,7588.597218048128,7
1025.5753613827721,1.3201689029979702,0.8860646263025256,7964.418974474213,7224.810162094888,2
723.8352609689355,1.9289500475991113,0.8984199071036073,5976.83750359314,5244.095319214258,2
421.77835782674987,1.1845736842122623,0.8938449204884128,4122.68514658702,3734.1950128280587,8
701.4856577793788,1.9849098644420486,0.9498023337330689,6168.060167484857,5866.984900475566,9
516.3264873782335,1.5910927521176013,0.8304053719652033,4849.354278227907,4077.976405569196,2
156.5424187214914,2.615734087507377,0.9145345446267542,2357.093505673223,1425.4752833169387,1
417.27476907545775,1.085887187672473,0.8445480426351223,4235.677902990935,3764.930091201532,7
840.3650284716659,1.8522430749650283,0.8734573488210605,7520.528036031868,7084.358282590137,7
640.0582187532642,1.6795463561196602,0.826229892071058,6132.930888582466,5614.964611719194,6
385.0050180560176,2.748381016031133,0.882007822604829,4110.175403347155,3725.602875025092,9
390.4327230536206,1.8095583482236988,0.8118592578829682,4181.467155277965,3569.999264141067,4
176.00023980704657,2.1535081007215124,0.8775980656426194,2406.3568354070894,1945.7009718728466,6
808.8695219631256,1.910092111530058,0.8931476201529172,6788.449142779355,6171.818065564472,3
261.1642084411161,2.5255693996147754,0.8216270768043165,3284.1717132041167,2803.56560822567,8
710.9894695403613,1.9184545009215204,0.847742117503615,6721.428815447639,6291.034507857309,9
1038.6350685176692,2.6741168474472694,0.8983491404081425,8454.602133429446,7841.73463860838,3
110.04057049247223,2.6441629785126763,0.9189759732011041,1863.607566968672,1505.0525941910244,8
421.2043097348595,2.4487669533934344,0.9466822357936272,3971.5316082291383,3392.752596222268,3
427.9908419612213,2.017658814504775,0.8478634334876993,4359.101454755441,3780.5328407760085,4
243.1651519961823,2.7487599442521877,0.9024497778121523,2921.572565817632,2311.6591792893596,3
143.29031344839348,1.5794939877072016,0.9101979068905688,2107.9117133858153,1381.6528814051253,2
142.0503584413464,1.8966768453947842,0.9202284028079927,2034.2214358470326,1575.8243219179008,5
210.8774547190701,2.73959410896032,0.9164321858219029,2657.046461179955,2195.090487813757,5
344.9122225402439,1.0532262927331502,0.9125056334569797,3288.843322570244,2356.576115849572,1
552.9614818998001,2.439125456941088,0.8568747122214713,5092.592588479786,4336.493705640222,2
413.07821270812923,1.511554465594302,0.9099914996537412,3961.9148683941203,3437.470211567977,4
258.23821921112415,1.1458709229419157,0.8553383188892271,2933.809932737975,2176.8326739022964,2
675.973871466531,1.96599240625843,0.866784530503205,6250.595551100038,5778.149339340805,6
982.7879770762387,1.8404134099104383,0.8179590754652948,8217.270532977258,7438.600921355779,2
886.8954338317759,1.5560907168637443,0.8399164500707302,7618.09654030052,6961.910707542983,3
577.7300127745638,2.5442936733793027,0.8657120274044932,5534.11854384977,5022.960768427008,5
685.5420625824793,1.6617745178164454,0.9160108549220614,6126.675399958727,5764.654939484965,8
170.89628665695412,2.0036747006786597,0.8240112065014251,2497.8922286424377,1829.527839051789,3
957.6387214950827,1.767980531261079,0.9482096941404073,8082.033863349247,7779.125231224626,9
300.9985537907713,2.6018385922675087,0.8333676359934726,3509.0786134791333,2847.898045690436,3
321.24297945890834,1.4560171137426527,0.8250314371583953,3606.194216915013,3144.4355186687435,9
225.39655707247326,2.710622204096029,0.9408238639999619,2695.5620090274374,2361.9619232223877,8
459.4738506816512,0.9413927136838766,0.8944819087863073,4312.188034035822,3829.309714965079,5
348.92432664761395,2.399679404983678,0.9250392705288804,3621.6145989572506,3243.868640790216,7
872.3291616090279,1.1650504533404773,0.8716223568527713,7015.392479956226,6267.671916174886,2
258.89449168986533,2.110922057166857,0.9093472351689856,2923.5358064681404,2196.8107496268635,2
872.0925364896651,1.4244503300466287,0.8569762606636653,7849.568675499881,7415.0473091616595,8
490.44788614773455,1.8796676420622198,0.8778977328126919,4686.794603871027,4134.826685519202,4
534.3374508779636,1.0311332235636543,0.8231039007164936,4728.779814366155,3766.9896759401327,1
1001.6790199118768,1.0068437218744029,0.8105331889146712,8785.617294333426,8172.9177017100865,4
601.6705600115599,1.0068674248874172,0.9297737440592256,5273.046718211009,4866.953752572691,6
679.1094886711275,2.729547492037563,0.8420454498931589,6586.738003160374,6132.9559235274355,8
444.1767694580073,2.079801448076048,0.8861696875307744,4433.3449792850115,4011.9866282027115,7
778.2700058198434,1.0513247958291088,0.9256636592940554,6736.972757033183,6407.412012547185,9
782.5273756082419,1.8345202458540817,0.9307377028327695,6714.28078220245,6309.157427820782,6
107.31778580740215,1.6472700646448655,0.8238108351993294,1900.870843773469,1437.4080471078587,9
1031.9577850956184,2.348332253591471,0.8926059746839902,9066.172638125905,8695.333973239623,9
522.8993766660793,1.6898114775715938,0.8829558416988863,4690.54119922924,3949.194052492068,2
1073.6423557735352,1.1056908895611361,0.818893255876624,9605.295021969569,9102.942982770224,7
939.615810420816,1.8360671910549162,0.8681250609872795,8032.726129826551,7472.190248717723,4
197.95724291497189,2.0991652029956933,0.8120034171819354,2738.0102302889104,2203.6361625023674,6
722.7205373186299,2.1372020134383107,0.9099511690446161,6258.980630047517,5734.501988912564,4
621.5575930146695,1.0488735442765063,0.8075195429221167,6047.830286408849,5548.410066408436,8
940.4778453178192,1.6506257707246814,0.8004679107705113,8739.462147753931,8213.962395980112,7
277.53035850224035,1.9092862806983635,0.8678852654537564,3187.76792541621,2784.556968657513,9
739.0471021057377,2.6776481221862287,0.8273783620635793,7100.724242593472,6608.911395364706,7
782.3665640436012,1.7801232792006334,0.8279066323464795,6957.998432043282,6292.6317248346495,3
224.21388985927308,1.320291486781491,0.8298616983999925,2784.525295420593,2120.6594403674567,3
272.8782617016619,2.699705484223986,0.9290182469598371,3080.5658967843324,2707.132577036306,7
138.12601232443583,1.2366381822845889,0.9046349002165092,1933.3420019311852,1501.459143859826,6
881.8407393578315,2.3327967599027626,0.8784171453201411,7610.168849077286,7058.653909301539,4
144.43578769795212,2.1133952953557302,0.9199476134150799,2080.966415825997,1622.3066797371987,5
844.9801396044995,2.7239547380348803,0.9006498269056226,7376.9800102242025,6900.039376880162,5
178.17055941104658,1.1829718963161326,0.9453159751363248,2189.4974154804704,1609.776864345249,3
386.88398240737536,2.2087754796498844,0.8015677733467239,4280.260364849272,3702.8973271956334,5
743.5630743760735,2.4628844132288097,0.8067181967535733,7283.642644932581,6796.151056305596,9
305.17815592246154,1.360382110780894,0.8685337051870592,3316.0838173748944,2874.1102581998134,7
533.2796006698592,1.5518570402910046,0.8138185310152123,5353.966999608201,4845.27401654088,7
1105.9101490796959,2.697808901141936,0.8010338444656859,10158.889921305787,9611.726808283123,6
792.9612052307896,2.5604210852078815,0.8783489897809635,7226.226633901021,6795.786265007156,7
424.3679755104814,1.104062510435054,0.8574131085313537,4271.705064928712,3854.4441132049346,9
557.483848262717,2.2845450235549047,0.8164666430475036,5049.968584438218,4085.911900804574,1
200.3399990023077,1.9074033152627685,0.884151319962666,2534.2078664010924,2152.4311734785706,9
927.9990292442478,0.9818990412757952,0.8145626716479453,8526.203366360041,8049.776005639582,9
135.67490641386584,1.1378473969429417,0.8581706411018631,2161.8958680726364,1211.9058806258408,1
263.2111709444079,2.46911401898748,0.8960975131480059,3073.205235077432,2706.840741244237,9
